path,copy,elbo_Y,rmsd,gdt_ts,gdt_ha,tm,lddt
./structures/7s/7skh.B.pdb,0,0.1901179403066635,2.583,0.85,0.6727,0.9198,0.923
./structures/7s/7skh.B.pdb,1,0.18101920187473297,3.186,0.8364,0.6852,0.9012,0.9268
./structures/7s/7skh.B.pdb,2,0.2120063304901123,4.205,0.7909,0.625,0.8646,0.9183
./structures/7s/7skh.B.pdb,3,0.2064713090658188,5.199,0.742,0.5852,0.7993,0.9282
./structures/7s/7skh.B.pdb,4,0.16056396067142487,3.475,0.8011,0.6295,0.8688,0.9234
./structures/7s/7skj.A.pdb,0,0.1270502507686615,0.683,0.9746,0.8557,0.9867,0.9405
./structures/7s/7skj.A.pdb,1,0.06716562807559967,0.814,0.9604,0.8262,0.9828,0.9328
./structures/7s/7skj.A.pdb,2,0.0961090624332428,0.749,0.9665,0.8333,0.9841,0.9417
./structures/7s/7skj.A.pdb,3,0.1191517636179924,0.627,0.9848,0.8994,0.9895,0.9554
./structures/7s/7skj.A.pdb,4,0.08907100558280945,0.774,0.9654,0.8516,0.9837,0.9416
./structures/7v/7vqk.A.pdb,0,0.26817429065704346,1.058,0.9171,0.7668,0.9629,0.9307
./structures/7v/7vqk.A.pdb,1,0.24435043334960938,1.113,0.9119,0.785,0.9595,0.9367
./structures/7v/7vqk.A.pdb,2,0.2658500075340271,1.072,0.9093,0.75,0.9611,0.9291
./structures/7v/7vqk.A.pdb,3,0.25326937437057495,1.221,0.8964,0.7526,0.9524,0.9272
./structures/7v/7vqk.A.pdb,4,0.21988500654697418,1.108,0.9119,0.7681,0.9595,0.9275
./structures/7v/7vr2.A.pdb,0,0.2450927495956421,0.961,0.9555,0.8079,0.9819,0.9286
./structures/7v/7vr2.A.pdb,1,0.21873006224632263,0.916,0.9466,0.7953,0.9827,0.9366
./structures/7v/7vr2.A.pdb,2,0.24887289106845856,1.075,0.9458,0.7871,0.9799,0.9227
./structures/7v/7vr2.A.pdb,3,0.23275238275527954,1.072,0.9362,0.7745,0.979,0.9346
./structures/7v/7vr2.A.pdb,4,0.2862311601638794,0.954,0.9384,0.7685,0.9815,0.9236
./structures/7v/7vrf.A.pdb,0,-0.18412534892559052,1.909,0.9098,0.7623,0.8617,0.9082
./structures/7v/7vrf.A.pdb,1,-0.16964933276176453,1.402,0.9344,0.8115,0.8881,0.9392
./structures/7v/7vrf.A.pdb,2,-0.19148829579353333,1.647,0.9262,0.7664,0.8684,0.8996
./structures/7v/7vrf.A.pdb,3,-0.09344547986984253,1.253,0.9344,0.7623,0.8724,0.88
./structures/7v/7vrf.A.pdb,4,-0.22530467808246613,0.991,0.9467,0.7992,0.9024,0.9165
./structures/7w/7w06.A.pdb,0,0.28068602085113525,1.353,0.8856,0.7326,0.9482,0.8291
./structures/7w/7w06.A.pdb,1,0.17357182502746582,1.505,0.8719,0.7152,0.9383,0.8089
./structures/7w/7w06.A.pdb,2,0.28050047159194946,1.292,0.8843,0.7239,0.9505,0.8241
./structures/7w/7w06.A.pdb,3,0.2661740481853485,1.304,0.908,0.7537,0.9542,0.8262
./structures/7w/7w06.A.pdb,4,0.25803688168525696,1.672,0.8532,0.6878,0.9226,0.8119
./structures/7w/7w52.B.pdb,0,-0.15345463156700134,3.929,0.8554,0.7375,0.8578,0.8624
./structures/7w/7w52.B.pdb,1,-0.1949196457862854,5.421,0.8429,0.7375,0.841,0.8576
./structures/7w/7w52.B.pdb,2,-0.12757261097431183,3.181,0.8714,0.7607,0.8762,0.89
./structures/7w/7w52.B.pdb,3,-0.16736164689064026,4.387,0.8464,0.7214,0.8458,0.8502
./structures/7w/7w52.B.pdb,4,-0.06813350319862366,3.879,0.8607,0.7411,0.8636,0.8741
./structures/7w/7wbn.A.pdb,0,0.08662241697311401,18.972,0.2653,0.1811,0.2632,0.6284
./structures/7w/7wbn.A.pdb,1,-0.7424784302711487,18.79,0.2755,0.1888,0.2766,0.4863
./structures/7w/7wbn.A.pdb,2,-1.1054661273956299,19.016,0.2577,0.176,0.2656,0.4562
./structures/7w/7wbn.A.pdb,3,-0.42608150839805603,18.474,0.2474,0.1709,0.2503,0.5148
./structures/7w/7wbn.A.pdb,4,-1.9079186916351318,18.164,0.125,0.0663,0.1423,0.2554
./structures/7w/7wf6.A.pdb,0,0.10233204066753387,1.631,0.9224,0.7603,0.9413,0.9105
./structures/7w/7wf6.A.pdb,1,0.280991792678833,1.261,0.9034,0.7241,0.9405,0.9164
./structures/7w/7wf6.A.pdb,2,0.16373448073863983,1.502,0.9086,0.7431,0.9366,0.9054
./structures/7w/7wf6.A.pdb,3,0.18849144876003265,1.367,0.9121,0.7414,0.942,0.9171
./structures/7w/7wf6.A.pdb,4,0.22866404056549072,1.284,0.9207,0.7621,0.9437,0.9126
./structures/7w/7wf8.B.pdb,0,0.00784520898014307,2.2,0.8535,0.666,0.8868,0.8627
./structures/7w/7wf8.B.pdb,1,-0.0033441788982599974,2.136,0.8535,0.6777,0.8867,0.8672
./structures/7w/7wf8.B.pdb,2,0.042337507009506226,2.458,0.873,0.7051,0.896,0.8708
./structures/7w/7wf8.B.pdb,3,0.10278665274381638,1.936,0.8184,0.6367,0.8753,0.8689
./structures/7w/7wf8.B.pdb,4,0.027816224843263626,1.44,0.875,0.6836,0.9192,0.8709
./structures/7w/7wf9.A.pdb,0,0.15651831030845642,20.139,0.5589,0.4553,0.5543,0.8497
./structures/7w/7wf9.A.pdb,1,0.1472351849079132,20.085,0.561,0.4614,0.5646,0.841
./structures/7w/7wf9.A.pdb,2,0.17379972338676453,20.262,0.561,0.4715,0.562,0.8553
./structures/7w/7wf9.A.pdb,3,0.2094510942697525,20.286,0.565,0.4736,0.5603,0.8528
./structures/7w/7wf9.A.pdb,4,0.10209561884403229,20.313,0.5589,0.4614,0.5573,0.8667
./structures/7w/7wjt.B.pdb,0,-1.9509055614471436,23.281,0.1625,0.0833,0.122,0.3313
./structures/7w/7wjt.B.pdb,1,-1.961242437362671,19.609,0.1417,0.0833,0.1121,0.2783
./structures/7w/7wjt.B.pdb,2,-1.106002926826477,17.269,0.4542,0.3583,0.404,0.6283
./structures/7w/7wjt.B.pdb,3,-1.9308924674987793,18.851,0.1458,0.0792,0.1142,0.2667
./structures/7w/7wjt.B.pdb,4,-1.9418182373046875,21.315,0.1667,0.0958,0.1409,0.3126
./structures/7y/7y3k.A.pdb,0,-1.3550032377243042,10.426,0.4583,0.3657,0.4213,0.4561
./structures/7y/7y3k.A.pdb,1,-1.9371826648712158,12.275,0.1991,0.1019,0.1353,0.1934
./structures/7y/7y3k.A.pdb,2,-1.3662041425704956,11.691,0.4444,0.375,0.4164,0.429
./structures/7y/7y3k.A.pdb,3,-1.915163278579712,12.336,0.2176,0.1065,0.1587,0.2403
./structures/7y/7y3k.A.pdb,4,-1.9599124193191528,11.151,0.2222,0.1065,0.1496,0.2896
./structures/7q/7q9e.C.pdb,0,-0.16073934733867645,5.653,0.7248,0.5567,0.8552,0.7665
./structures/7q/7q9e.C.pdb,1,-0.10509695112705231,4.457,0.7846,0.6196,0.8937,0.7932
./structures/7q/7q9e.C.pdb,2,-0.03720899298787117,4.102,0.7966,0.6089,0.9086,0.8044
./structures/7q/7q9e.C.pdb,3,-0.24662724137306213,14.393,0.6864,0.5365,0.7909,0.7001
./structures/7q/7q9e.C.pdb,4,-0.18527862429618835,12.502,0.6839,0.5189,0.8192,0.7411
./structures/7t/7t12.B.pdb,0,0.1173008531332016,1.975,0.75,0.5369,0.8931,0.8652
./structures/7t/7t12.B.pdb,1,0.1403021216392517,3.12,0.7179,0.5131,0.8181,0.8822
./structures/7t/7t12.B.pdb,2,0.09223618358373642,2.849,0.7345,0.5333,0.8528,0.8767
./structures/7t/7t12.B.pdb,3,0.1064617857336998,2.951,0.7357,0.5393,0.8537,0.8694
./structures/7t/7t12.B.pdb,4,0.1253426969051361,3.146,0.6881,0.4857,0.7776,0.8714
./structures/7v/7vp3.C.pdb,0,-0.6943252086639404,4.803,0.6815,0.5363,0.6074,0.7735
./structures/7v/7vp3.C.pdb,1,-0.5825642943382263,3.978,0.6976,0.5161,0.5959,0.8109
./structures/7v/7vp3.C.pdb,2,-0.788864016532898,5.959,0.6371,0.4879,0.5536,0.7305
./structures/7v/7vp3.C.pdb,3,-0.7177667021751404,6.616,0.7137,0.5726,0.5993,0.7856
./structures/7v/7vp3.C.pdb,4,-0.6888416409492493,6.068,0.6694,0.5323,0.5919,0.7753
./structures/7v/7vp6.D.pdb,0,-0.7415521740913391,2.634,0.8424,0.7011,0.7285,0.8799
./structures/7v/7vp6.D.pdb,1,-0.6303123831748962,2.027,0.8152,0.6467,0.6936,0.8401
./structures/7v/7vp6.D.pdb,2,-0.7263877987861633,2.873,0.8152,0.6467,0.6902,0.841
./structures/7v/7vp6.D.pdb,3,-0.7285267114639282,2.173,0.8424,0.6848,0.7091,0.8425
./structures/7v/7vp6.D.pdb,4,-0.6847323775291443,2.894,0.8098,0.6413,0.689,0.8145
./structures/7w/7w42.B.pdb,0,-0.5809260606765747,13.573,0.5361,0.3887,0.6452,0.6626
./structures/7w/7w42.B.pdb,1,-0.5503101944923401,13.935,0.528,0.3843,0.6421,0.6687
./structures/7w/7w42.B.pdb,2,-0.4029538929462433,13.59,0.5398,0.3955,0.6552,0.6862
./structures/7w/7w42.B.pdb,3,-0.2541927397251129,14.072,0.4801,0.3221,0.6418,0.7029
./structures/7w/7w42.B.pdb,4,-0.5782224535942078,12.101,0.5218,0.3812,0.6479,0.6665
./structures/7w/7w8u.A.pdb,0,-0.3872429132461548,11.364,0.3746,0.1981,0.589,0.4419
./structures/7w/7w8u.A.pdb,1,-0.40368449687957764,14.023,0.379,0.2039,0.5861,0.4594
./structures/7w/7w8u.A.pdb,2,-0.39020782709121704,9.488,0.3473,0.1772,0.5783,0.464
./structures/7w/7w8u.A.pdb,3,-0.4020319879055023,14.047,0.3739,0.1967,0.5902,0.4538
./structures/7w/7w8u.A.pdb,4,-0.33814147114753723,24.647,0.3718,0.1931,0.5662,0.4603
./structures/7w/7wa9.A.pdb,0,0.2146550416946411,0.905,0.9663,0.8333,0.9687,0.9274
./structures/7w/7wa9.A.pdb,1,0.26812744140625,0.891,0.9734,0.8387,0.9697,0.9156
./structures/7w/7wa9.A.pdb,2,0.2365020364522934,0.912,0.9699,0.828,0.9686,0.911
./structures/7w/7wa9.A.pdb,3,0.3110438883304596,0.882,0.9716,0.8333,0.9694,0.9187
./structures/7w/7wa9.A.pdb,4,0.3390289843082428,0.851,0.9663,0.8316,0.9703,0.9221
./structures/7y/7yvz.A.pdb,0,-0.585442841053009,5.022,0.7619,0.6429,0.7237,0.7517
./structures/7y/7yvz.A.pdb,1,-0.7554303407669067,3.077,0.7937,0.623,0.732,0.7375
./structures/7y/7yvz.A.pdb,2,-0.4839946925640106,3.396,0.8056,0.6706,0.7449,0.7717
./structures/7y/7yvz.A.pdb,3,-0.6602721810340881,6.11,0.75,0.6151,0.7103,0.7303
./structures/7y/7yvz.A.pdb,4,-0.5848910808563232,3.557,0.7857,0.631,0.7202,0.7429
./structures/7y/7ywq.A.pdb,0,-0.4332672655582428,11.044,0.4905,0.3544,0.4845,0.4661
./structures/7y/7ywq.A.pdb,1,-0.4403953552246094,10.003,0.4715,0.3418,0.4638,0.4457
./structures/7y/7ywq.A.pdb,2,-0.4322129786014557,11.342,0.4652,0.3323,0.4492,0.4498
./structures/7y/7ywq.A.pdb,3,-0.4903610348701477,11.654,0.443,0.3323,0.4323,0.4384
./structures/7y/7ywq.A.pdb,4,-0.36441269516944885,14.174,0.4335,0.3101,0.4188,0.4571
./structures/8a/8a28.A.pdb,0,0.033756233751773834,19.861,0.5026,0.4143,0.5417,0.8168
./structures/8a/8a28.A.pdb,1,0.06364049762487411,17.43,0.5013,0.4018,0.5535,0.8241
./structures/8a/8a28.A.pdb,2,-0.03954613581299782,19.288,0.4935,0.4025,0.5362,0.8162
./structures/8a/8a28.A.pdb,3,-0.0004208916216157377,14.747,0.5137,0.4234,0.5616,0.8381
./structures/8a/8a28.A.pdb,4,0.06533175706863403,18.94,0.5046,0.4162,0.5493,0.8161
./structures/8b/8b26.A.pdb,0,-0.02603456750512123,7.813,0.7925,0.6198,0.8794,0.7934
./structures/8b/8b26.A.pdb,1,0.13302919268608093,2.188,0.8935,0.7054,0.9611,0.8935
./structures/8b/8b26.A.pdb,2,0.15024781227111816,1.513,0.86,0.6636,0.9596,0.8994
./structures/8b/8b26.A.pdb,3,-0.5005383491516113,8.733,0.6762,0.5153,0.7786,0.6637
./structures/8b/8b26.A.pdb,4,0.14997215569019318,2.176,0.828,0.6407,0.9454,0.8882
./structures/8b/8b55.A.pdb,0,-0.23199258744716644,1.755,0.8847,0.7306,0.9319,0.8598
./structures/8b/8b55.A.pdb,1,-0.26157376170158386,1.831,0.9054,0.7604,0.9394,0.8732
./structures/8b/8b55.A.pdb,2,-0.20325186848640442,1.726,0.8873,0.7306,0.9338,0.8586
./structures/8b/8b55.A.pdb,3,-0.215974360704422,1.644,0.8977,0.7604,0.9425,0.8677
./structures/8b/8b55.A.pdb,4,-0.18363051116466522,1.664,0.8912,0.7358,0.9371,0.8676
./structures/8b/8b73.A.pdb,0,-0.40533894300460815,17.506,0.6877,0.5586,0.7466,0.6839
./structures/8b/8b73.A.pdb,1,0.05544500797986984,4.877,0.7784,0.5932,0.8681,0.8582
./structures/8b/8b73.A.pdb,2,-0.003811438335105777,3.453,0.7981,0.6247,0.8952,0.8503
./structures/8b/8b73.A.pdb,3,-0.3631178140640259,14.485,0.7049,0.5747,0.7668,0.729
./structures/8b/8b73.A.pdb,4,-0.3461800217628479,20.434,0.7179,0.6062,0.7598,0.7326
./structures/8g/8gxf.B.pdb,0,0.35462209582328796,1.07,0.9251,0.7647,0.9623,0.9033
./structures/8g/8gxf.B.pdb,1,0.2792019248008728,1.276,0.8877,0.7112,0.947,0.8889
./structures/8g/8gxf.B.pdb,2,0.233746737241745,1.19,0.9104,0.7553,0.9546,0.8938
./structures/8g/8gxf.B.pdb,3,0.26744428277015686,1.226,0.8984,0.7273,0.9517,0.895
./structures/8g/8gxf.B.pdb,4,0.34787264466285706,1.121,0.9104,0.7553,0.9585,0.9063
./structures/7n/7n99.A.pdb,0,-0.28084585070610046,7.23,0.5455,0.3831,0.5305,0.6074
./structures/7n/7n99.A.pdb,1,-0.27412688732147217,8.297,0.5325,0.3734,0.5103,0.6068
./structures/7n/7n99.A.pdb,2,-0.3378179371356964,7.501,0.5519,0.3961,0.5391,0.6177
./structures/7n/7n99.A.pdb,3,-0.3044230043888092,7.109,0.5584,0.3896,0.5431,0.6315
./structures/7n/7n99.A.pdb,4,-0.2518155872821808,8.858,0.5552,0.3864,0.5266,0.6119
./structures/7p/7pup.A.pdb,0,-0.4894433915615082,26.232,0.4452,0.3319,0.5309,0.6388
./structures/7p/7pup.A.pdb,1,-0.24226389825344086,18.471,0.4703,0.3471,0.5751,0.6993
./structures/7p/7pup.A.pdb,2,-0.14738571643829346,6.233,0.6002,0.4118,0.7832,0.7872
./structures/7p/7pup.A.pdb,3,-0.12331182509660721,6.297,0.6221,0.4285,0.7878,0.7881
./structures/7p/7pup.A.pdb,4,-1.0466139316558838,20.004,0.4149,0.31,0.5229,0.4799
./structures/7q/7qsw.C.pdb,0,-0.6951587796211243,14.696,0.5998,0.4796,0.6879,0.6035
./structures/7q/7qsw.C.pdb,1,-0.6869258284568787,17.027,0.5832,0.4544,0.6696,0.6077
./structures/7q/7qsw.C.pdb,2,-0.16102874279022217,7.515,0.7307,0.5408,0.8902,0.785
./structures/7q/7qsw.C.pdb,3,-0.7163436412811279,18.472,0.5939,0.4716,0.6703,0.6005
./structures/7q/7qsw.C.pdb,4,-0.7148598432540894,15.029,0.5864,0.4582,0.6818,0.6115
./structures/7q/7qsw.B.pdb,0,-0.21885837614536285,4.082,0.7917,0.6544,0.7857,0.754
./structures/7q/7qsw.B.pdb,1,-0.2686656713485718,3.601,0.7892,0.6471,0.7942,0.7568
./structures/7q/7qsw.B.pdb,2,-0.2433544099330902,3.949,0.7917,0.6397,0.7954,0.75
./structures/7q/7qsw.B.pdb,3,-0.36338597536087036,3.06,0.7745,0.6103,0.7907,0.724
./structures/7q/7qsw.B.pdb,4,-0.2617870271205902,4.747,0.7574,0.6152,0.7528,0.6961
./structures/7q/7qsx.A.pdb,0,-0.01310051791369915,3.187,0.8302,0.6442,0.942,0.862
./structures/7q/7qsx.A.pdb,1,0.010631895624101162,3.019,0.8441,0.6782,0.9437,0.8793
./structures/7q/7qsx.A.pdb,2,-0.5673044323921204,10.278,0.6548,0.5251,0.7413,0.6709
./structures/7q/7qsx.A.pdb,3,-0.06304726749658585,2.829,0.7951,0.6086,0.9324,0.8675
./structures/7q/7qsx.A.pdb,4,-0.06434845924377441,3.331,0.8051,0.6258,0.9301,0.8556
./structures/7r/7roa.A.pdb,0,-0.12323383241891861,3.42,0.663,0.4565,0.6951,0.6266
./structures/7r/7roa.A.pdb,1,-0.05169874057173729,4.362,0.613,0.4065,0.6213,0.6135
./structures/7r/7roa.A.pdb,2,-0.10604308545589447,3.436,0.6587,0.4435,0.7079,0.6403
./structures/7r/7roa.A.pdb,3,-0.10985303670167923,3.708,0.6413,0.4326,0.6871,0.6254
./structures/7r/7roa.A.pdb,4,-0.09736403822898865,3.528,0.6717,0.4761,0.708,0.6396
./structures/7t/7tgi.B.pdb,0,-0.01452112477272749,3.088,0.8483,0.6987,0.8572,0.8039
./structures/7t/7tgi.B.pdb,1,-0.15939848124980927,2.493,0.8611,0.6944,0.8756,0.8291
./structures/7t/7tgi.B.pdb,2,0.03897126019001007,2.964,0.8483,0.6966,0.8651,0.8146
./structures/7t/7tgi.B.pdb,3,0.0004263853479642421,2.707,0.8397,0.6688,0.8601,0.8057
./structures/7t/7tgi.B.pdb,4,0.02362099662423134,2.367,0.8761,0.7115,0.8802,0.8287
./structures/7t/7th2.C.pdb,0,0.1042523980140686,1.888,0.9062,0.7734,0.9112,0.8699
./structures/7t/7th2.C.pdb,1,0.04656267911195755,1.881,0.9004,0.7695,0.9111,0.8776
./structures/7t/7th2.C.pdb,2,0.06265079975128174,1.91,0.9082,0.7852,0.9155,0.8703
./structures/7t/7th2.C.pdb,3,0.04750538617372513,1.832,0.9004,0.7637,0.9159,0.875
./structures/7t/7th2.C.pdb,4,0.053518280386924744,1.806,0.9062,0.7812,0.9118,0.877
./structures/7u/7ux0.A.pdb,0,-0.609563410282135,12.775,0.2109,0.1239,0.2105,0.3053
./structures/7u/7ux0.A.pdb,1,-0.6567411422729492,13.913,0.1978,0.1391,0.2048,0.3339
./structures/7u/7ux0.A.pdb,2,-0.5693237781524658,14.86,0.2022,0.137,0.1959,0.3097
./structures/7u/7ux0.A.pdb,3,-0.5019679069519043,15.598,0.1826,0.1239,0.1739,0.3263
./structures/7u/7ux0.A.pdb,4,-0.539539635181427,16.887,0.1848,0.1217,0.1922,0.298
./structures/7v/7vma.A.pdb,0,-0.6576966643333435,38.799,0.4282,0.35,0.4799,0.5701
./structures/7v/7vma.A.pdb,1,-0.2893315553665161,28.905,0.5621,0.456,0.6144,0.7214
./structures/7v/7vma.A.pdb,2,-0.5300184488296509,20.246,0.3274,0.2339,0.4717,0.6191
./structures/7v/7vma.A.pdb,3,-0.44626742601394653,32.307,0.0968,0.0528,0.238,0.6588
./structures/7v/7vma.A.pdb,4,-0.5360632538795471,24.907,0.2331,0.1839,0.3144,0.6292
./structures/7w/7wj0.A.pdb,0,0.1220640316605568,1.959,0.7857,0.6122,0.6621,0.8949
./structures/7w/7wj0.A.pdb,1,0.04784069210290909,2.221,0.7806,0.5969,0.6261,0.8745
./structures/7w/7wj0.A.pdb,2,-0.02027294784784317,2.168,0.7755,0.5969,0.6149,0.8847
./structures/7w/7wj0.A.pdb,3,0.1389184147119522,2.184,0.7653,0.5816,0.615,0.8954
./structures/7w/7wj0.A.pdb,4,0.12659619748592377,2.32,0.75,0.5714,0.5808,0.8701
./structures/7y/7y0i.A.pdb,0,-0.18258662521839142,4.357,0.8214,0.6652,0.7553,0.7726
./structures/7y/7y0i.A.pdb,1,-0.31328293681144714,4.015,0.7723,0.5893,0.7098,0.7418
./structures/7y/7y0i.A.pdb,2,-0.30174240469932556,3.71,0.7857,0.5982,0.7186,0.7527
./structures/7y/7y0i.A.pdb,3,-0.23023343086242676,4.102,0.8259,0.6696,0.7577,0.7666
./structures/7y/7y0i.A.pdb,4,-0.14874114096164703,3.102,0.8259,0.6562,0.7619,0.7784
./structures/7y/7y8u.E.pdb,0,-0.15716825425624847,5.618,0.5856,0.3902,0.7934,0.6718
./structures/7y/7y8u.E.pdb,1,-0.11746039986610413,5.546,0.6226,0.4117,0.8213,0.6916
./structures/7y/7y8u.E.pdb,2,-0.312614381313324,12.062,0.4137,0.2803,0.5454,0.6171
./structures/7y/7y8u.E.pdb,3,-0.16008824110031128,11.691,0.6442,0.4555,0.8212,0.675
./structures/7y/7y8u.E.pdb,4,-0.10771026462316513,8.872,0.628,0.4185,0.8238,0.6889
./structures/7y/7yta.B.pdb,0,0.002267659641802311,2.087,0.8786,0.7143,0.9032,0.8755
./structures/7y/7yta.B.pdb,1,0.012734510935842991,2.083,0.9,0.7286,0.9126,0.8707
./structures/7y/7yta.B.pdb,2,-0.12141872942447662,2.098,0.8929,0.7268,0.9123,0.8779
./structures/7y/7yta.B.pdb,3,0.06448744237422943,2.111,0.8875,0.7214,0.9086,0.8683
./structures/7y/7yta.B.pdb,4,-0.02364434115588665,2.042,0.8821,0.7089,0.9054,0.8822
./structures/7y/7yvt.B.pdb,0,0.18220509588718414,1.653,0.9199,0.7711,0.9613,0.8777
./structures/7y/7yvt.B.pdb,1,0.1213480681180954,1.65,0.9102,0.7482,0.959,0.8736
./structures/7y/7yvt.B.pdb,2,0.1017320454120636,2.693,0.8864,0.7298,0.9313,0.8461
./structures/7y/7yvt.B.pdb,3,0.13385134935379028,1.517,0.9252,0.8037,0.9612,0.8823
./structures/7y/7yvt.B.pdb,4,0.13795392215251923,1.685,0.912,0.7702,0.9575,0.8746
./structures/7z/7zgi.B.pdb,0,-0.46049386262893677,12.907,0.4367,0.3117,0.5358,0.7255
./structures/7z/7zgi.B.pdb,1,-0.3629152178764343,14.975,0.3109,0.2033,0.4187,0.6611
./structures/7z/7zgi.B.pdb,2,-0.6401915550231934,10.664,0.4676,0.3267,0.5767,0.5994
./structures/7z/7zgi.B.pdb,3,-0.41904640197753906,10.476,0.4074,0.269,0.5217,0.6663
./structures/7z/7zgi.B.pdb,4,-0.23263689875602722,10.249,0.3528,0.2239,0.5222,0.7112
./structures/7p/7pwe.A.pdb,0,0.19457580149173737,5.575,0.6146,0.4349,0.6415,0.8631
./structures/7p/7pwe.A.pdb,1,0.17875497043132782,4.72,0.6602,0.4779,0.7192,0.8761
./structures/7p/7pwe.A.pdb,2,0.20996969938278198,6.314,0.5872,0.4271,0.6337,0.8581
./structures/7p/7pwe.A.pdb,3,0.23853060603141785,6.504,0.5768,0.4258,0.6107,0.8705
./structures/7p/7pwe.A.pdb,4,0.19715377688407898,7.126,0.5677,0.4284,0.605,0.8703
./structures/7q/7qys.L.pdb,0,0.10792211443185806,1.599,0.8852,0.7177,0.9518,0.8989
./structures/7q/7qys.L.pdb,1,0.05082068592309952,1.729,0.8784,0.6939,0.9506,0.8774
./structures/7q/7qys.L.pdb,2,0.11694891005754471,1.726,0.8903,0.7321,0.9537,0.8984
./structures/7q/7qys.L.pdb,3,0.11245688050985336,1.843,0.8759,0.6922,0.9495,0.8983
./structures/7q/7qys.L.pdb,4,0.08506622910499573,1.612,0.8776,0.6845,0.9523,0.8987
./structures/7s/7snj.A.pdb,0,-1.07338285446167,22.165,0.4417,0.3281,0.5535,0.3982
./structures/7s/7snj.A.pdb,1,-0.3173641562461853,6.001,0.8078,0.6566,0.898,0.7866
./structures/7s/7snj.A.pdb,2,-0.3191995620727539,5.445,0.8113,0.6739,0.8992,0.7929
./structures/7s/7snj.A.pdb,3,-1.1681692600250244,24.149,0.3948,0.2885,0.5046,0.3808
./structures/7s/7snj.A.pdb,4,-0.9264878034591675,22.23,0.5178,0.418,0.5994,0.5135
./structures/7s/7sz2.B.pdb,0,0.029822230339050293,14.104,0.4597,0.3778,0.4957,0.7154
./structures/7s/7sz2.B.pdb,1,-0.003790066344663501,14.036,0.4694,0.3944,0.4996,0.7164
./structures/7s/7sz2.B.pdb,2,0.03736962750554085,13.868,0.4694,0.3875,0.5007,0.7211
./structures/7s/7sz2.B.pdb,3,0.05182556062936783,14.051,0.4625,0.3792,0.4983,0.7212
./structures/7s/7sz2.B.pdb,4,-0.0041122823022305965,14.402,0.4681,0.3972,0.4962,0.7168
./structures/7u/7uav.A.pdb,0,-0.5056357383728027,16.28,0.2565,0.1804,0.2805,0.5181
./structures/7u/7uav.A.pdb,1,-0.6024985313415527,18.61,0.3109,0.2283,0.33,0.5873
./structures/7u/7uav.A.pdb,2,-0.5881885886192322,12.459,0.2848,0.2022,0.3014,0.5503
./structures/7u/7uav.A.pdb,3,-0.49014633893966675,17.991,0.287,0.2087,0.3136,0.5771
./structures/7u/7uav.A.pdb,4,-0.5652037858963013,12.409,0.3261,0.2217,0.3349,0.6337
./structures/7v/7vil.A.pdb,0,0.049381073564291,1.188,0.925,0.7396,0.9419,0.8775
./structures/7v/7vil.A.pdb,1,0.0249953493475914,0.904,0.9563,0.7979,0.9585,0.8952
./structures/7v/7vil.A.pdb,2,-0.007542766164988279,1.482,0.9083,0.7312,0.9245,0.8517
./structures/7v/7vil.A.pdb,3,0.07992827892303467,1.098,0.925,0.7396,0.9442,0.8793
./structures/7v/7vil.A.pdb,4,0.04660986736416817,0.938,0.9521,0.7833,0.9577,0.893
./structures/7y/7yrt.C.pdb,0,0.20340922474861145,4.322,0.7881,0.6525,0.7841,0.8766
./structures/7y/7yrt.C.pdb,1,0.1127939224243164,5.048,0.8072,0.6843,0.8002,0.8885
./structures/7y/7yrt.C.pdb,2,0.19528432190418243,3.744,0.8051,0.6462,0.8144,0.8736
./structures/7y/7yrt.C.pdb,3,0.09519484639167786,4.043,0.8432,0.6992,0.8449,0.8942
./structures/7y/7yrt.C.pdb,4,0.11176954209804535,4.293,0.8114,0.6419,0.7957,0.862
./structures/8b/8b5t.A.pdb,0,0.20397886633872986,2.617,0.8717,0.7098,0.9264,0.8888
./structures/8b/8b5t.A.pdb,1,0.24820981919765472,1.648,0.8859,0.7304,0.9422,0.9014
./structures/8b/8b5t.A.pdb,2,0.22823791205883026,2.546,0.8978,0.7576,0.9342,0.8951
./structures/8b/8b5t.A.pdb,3,0.24644441902637482,1.559,0.8783,0.7033,0.944,0.8956
./structures/8b/8b5t.A.pdb,4,0.26475024223327637,1.514,0.8902,0.7207,0.9468,0.9107
./structures/8b/8b5v.A.pdb,0,0.35608258843421936,2.895,0.7807,0.6332,0.8344,0.9124
./structures/8b/8b5v.A.pdb,1,0.32147857546806335,2.853,0.7828,0.623,0.8406,0.9078
./structures/8b/8b5v.A.pdb,2,0.3529752194881439,3.118,0.7684,0.6096,0.8143,0.9128
./structures/8b/8b5v.A.pdb,3,0.33068597316741943,2.526,0.8002,0.6455,0.8675,0.9176
./structures/8b/8b5v.A.pdb,4,0.3398040533065796,2.714,0.7889,0.6291,0.8505,0.9074
./structures/8d/8doa.A.pdb,0,-0.5510021448135376,8.458,0.6445,0.5117,0.6056,0.674
./structures/8d/8doa.A.pdb,1,-0.6236386299133301,11.626,0.6133,0.4922,0.5927,0.6398
./structures/8d/8doa.A.pdb,2,-0.4565984606742859,9.805,0.6328,0.4961,0.5941,0.6546
./structures/8d/8doa.A.pdb,3,-0.5431617498397827,9.505,0.6445,0.5156,0.6076,0.6395
./structures/8d/8doa.A.pdb,4,-0.673562228679657,11.303,0.6484,0.5273,0.6206,0.6405
./structures/8e/8e8t.B.pdb,0,-0.026554567739367485,8.946,0.5778,0.4571,0.6542,0.8402
./structures/8e/8e8t.B.pdb,1,-0.0426054522395134,7.37,0.6893,0.4957,0.866,0.8242
./structures/8e/8e8t.B.pdb,2,0.07283134013414383,2.304,0.7531,0.5588,0.9257,0.8923
./structures/8e/8e8t.B.pdb,3,0.09736935049295425,2.81,0.7972,0.6091,0.9347,0.883
./structures/8e/8e8t.B.pdb,4,0.04888055846095085,2.879,0.712,0.5098,0.9012,0.888
./structures/8e/8e8u.C.pdb,0,-0.7345708608627319,13.523,0.5411,0.4271,0.6292,0.583
./structures/8e/8e8u.C.pdb,1,0.07574250549077988,2.825,0.7859,0.588,0.9386,0.8708
./structures/8e/8e8u.C.pdb,2,-0.6448620557785034,22.561,0.4971,0.3947,0.5719,0.5861
./structures/8e/8e8u.C.pdb,3,-0.4315660893917084,16.909,0.5608,0.4184,0.6336,0.6487
./structures/8e/8e8u.C.pdb,4,-0.8422718048095703,23.318,0.4942,0.3924,0.5665,0.5588
./structures/7n/7n3y.A.pdb,0,-0.32493913173675537,23.843,0.6257,0.4848,0.7321,0.6207
./structures/7n/7n3y.A.pdb,1,-0.8089569807052612,25.295,0.4868,0.3829,0.5938,0.4632
./structures/7n/7n3y.A.pdb,2,-0.26188862323760986,20.68,0.6825,0.5456,0.7886,0.6985
./structures/7n/7n3y.A.pdb,3,-0.42664554715156555,27.92,0.6276,0.4934,0.7359,0.6238
./structures/7n/7n3y.A.pdb,4,-0.32469281554222107,21.262,0.6607,0.5271,0.7685,0.6838
./structures/7o/7oju.A.pdb,0,-0.33895841240882874,6.395,0.6974,0.5432,0.7761,0.6979
./structures/7o/7oju.A.pdb,1,-0.36260566115379333,5.997,0.729,0.5748,0.797,0.7129
./structures/7o/7oju.A.pdb,2,-0.25863057374954224,6.329,0.7301,0.5876,0.7863,0.7275
./structures/7o/7oju.A.pdb,3,-0.15879729390144348,7.273,0.7208,0.5689,0.7856,0.7226
./structures/7o/7oju.A.pdb,4,-0.269370436668396,5.862,0.7114,0.5362,0.798,0.7095
./structures/7p/7pqi.A.pdb,0,0.19313131272792816,2.244,0.928,0.8295,0.9445,0.9154
./structures/7p/7pqi.A.pdb,1,0.163803368806839,2.281,0.9217,0.8005,0.9399,0.9068
./structures/7p/7pqi.A.pdb,2,0.1253095418214798,3.651,0.923,0.8005,0.9367,0.8915
./structures/7p/7pqi.A.pdb,3,0.25094905495643616,2.978,0.9217,0.8005,0.9376,0.9014
./structures/7p/7pqi.A.pdb,4,0.1876419186592102,3.388,0.9141,0.7689,0.9335,0.8992
./structures/7p/7pqw.A.pdb,0,-0.2513578236103058,5.091,0.625,0.435,0.5211,0.572
./structures/7p/7pqw.A.pdb,1,-0.29650795459747314,5.37,0.64,0.455,0.5313,0.5735
./structures/7p/7pqw.A.pdb,2,-0.3596656322479248,5.006,0.62,0.44,0.5202,0.5595
./structures/7p/7pqw.A.pdb,3,-0.28724411129951477,5.367,0.61,0.44,0.5182,0.5705
./structures/7p/7pqw.A.pdb,4,-0.26175549626350403,5.075,0.62,0.425,0.5052,0.5641
./structures/7q/7qau.A.pdb,0,-0.5071830153465271,16.885,0.2907,0.1988,0.3895,0.4477
./structures/7q/7qau.A.pdb,1,-0.6171811819076538,11.829,0.314,0.2012,0.4187,0.4245
./structures/7q/7qau.A.pdb,2,-0.41990819573402405,14.476,0.3058,0.1942,0.4033,0.4449
./structures/7q/7qau.A.pdb,3,-0.3858962059020996,16.059,0.3163,0.2058,0.4098,0.458
./structures/7q/7qau.A.pdb,4,-0.34988704323768616,15.769,0.3198,0.2151,0.4147,0.4457
./structures/7r/7r3w.D.pdb,0,-0.2902664840221405,19.304,0.4895,0.392,0.5332,0.7879
./structures/7r/7r3w.D.pdb,1,-0.16561834514141083,19.301,0.493,0.3929,0.5395,0.8561
./structures/7r/7r3w.D.pdb,2,-0.11359178274869919,19.194,0.4956,0.4059,0.5401,0.8408
./structures/7r/7r3w.D.pdb,3,-0.12889821827411652,16.764,0.4991,0.3911,0.556,0.8501
./structures/7r/7r3w.D.pdb,4,-0.16747784614562988,19.813,0.5035,0.4094,0.5506,0.8436
./structures/7t/7tvw.A.pdb,0,0.2707526981830597,0.679,0.9774,0.8594,0.9878,0.9466
./structures/7t/7tvw.A.pdb,1,0.2955641448497772,0.717,0.9745,0.8557,0.9866,0.9435
./structures/7t/7tvw.A.pdb,2,0.3225895166397095,0.669,0.9811,0.8745,0.9882,0.951
./structures/7t/7tvw.A.pdb,3,0.3465363085269928,0.632,0.9821,0.8877,0.9894,0.9501
./structures/7t/7tvw.A.pdb,4,0.23021599650382996,0.684,0.9811,0.8538,0.9875,0.9385
./structures/7x/7xtm.B.pdb,0,-0.3165012300014496,3.642,0.7607,0.5839,0.8107,0.7282
./structures/7x/7xtm.B.pdb,1,-0.3312995135784149,3.567,0.7411,0.5536,0.7985,0.7134
./structures/7x/7xtm.B.pdb,2,-0.36507752537727356,3.826,0.7429,0.5446,0.8031,0.7112
./structures/7x/7xtm.B.pdb,3,-0.38254812359809875,3.243,0.7429,0.5411,0.8109,0.7251
./structures/7x/7xtm.B.pdb,4,-0.34991902112960815,4.477,0.7411,0.5625,0.7985,0.7118
./structures/8c/8cwp.A.pdb,0,0.05904030427336693,2.183,0.9014,0.7668,0.949,0.8912
./structures/8c/8cwp.A.pdb,1,0.0518919862806797,2.158,0.8991,0.7859,0.9478,0.8927
./structures/8c/8cwp.A.pdb,2,0.01683844067156315,2.594,0.8417,0.6705,0.9247,0.8766
./structures/8c/8cwp.A.pdb,3,0.026589196175336838,2.712,0.8517,0.7003,0.9264,0.8838
./structures/8c/8cwp.A.pdb,4,0.03144146129488945,2.354,0.8731,0.7278,0.9365,0.8858
./structures/8d/8d03.A.pdb,0,-0.04230738803744316,1.205,0.9192,0.7692,0.893,0.8404
./structures/8d/8d03.A.pdb,1,0.013115481473505497,0.941,0.9308,0.7731,0.9068,0.878
./structures/8d/8d03.A.pdb,2,0.016248177736997604,1.161,0.9115,0.7308,0.8862,0.8541
./structures/8d/8d03.A.pdb,3,0.07082200795412064,1.024,0.9,0.7231,0.888,0.8382
./structures/8d/8d03.A.pdb,4,0.005474735517054796,0.87,0.9462,0.7692,0.9158,0.8698
./structures/8d/8d08.D.pdb,0,-1.906290054321289,15.509,0.1604,0.0821,0.1478,0.2201
./structures/8d/8d08.D.pdb,1,-0.07167856395244598,2.99,0.7127,0.5336,0.6294,0.7347
./structures/8d/8d08.D.pdb,2,-0.9466559290885925,13.33,0.4552,0.347,0.3947,0.4679
./structures/8d/8d08.D.pdb,3,-0.2947571873664856,14.722,0.4813,0.3582,0.3944,0.7586
./structures/8d/8d08.D.pdb,4,-0.5741360187530518,10.735,0.4067,0.2873,0.3174,0.6295
./structures/8d/8day.A.pdb,0,-0.7046495079994202,32.007,0.1947,0.1137,0.3236,0.3317
./structures/8d/8day.A.pdb,1,-0.6664190888404846,29.361,0.2023,0.1143,0.3408,0.3658
./structures/8d/8day.A.pdb,2,-0.6518539786338806,38.16,0.2079,0.1168,0.3509,0.3493
./structures/8d/8day.A.pdb,3,-0.9360685348510742,32.549,0.2374,0.1376,0.3859,0.3382
./structures/8d/8day.A.pdb,4,-0.8249961137771606,36.514,0.2261,0.1244,0.3709,0.3542
./structures/8d/8ds5.A.pdb,0,-0.6792141795158386,2.027,0.8594,0.7057,0.8361,0.9258
./structures/8d/8ds5.A.pdb,1,-0.7069854736328125,1.575,0.9036,0.7839,0.8898,0.931
./structures/8d/8ds5.A.pdb,2,-0.7089370489120483,1.554,0.9089,0.7786,0.8933,0.9307
./structures/8d/8ds5.A.pdb,3,-0.6913127303123474,1.599,0.9036,0.7943,0.8912,0.9178
./structures/8d/8ds5.A.pdb,4,-0.5601942539215088,1.493,0.8958,0.7552,0.8882,0.9267
./structures/7m/7m1z.B.pdb,0,-0.07338711619377136,18.719,0.6024,0.4635,0.7221,0.8264
./structures/7m/7m1z.B.pdb,1,-0.06563323736190796,17.067,0.6088,0.4753,0.7278,0.8261
./structures/7m/7m1z.B.pdb,2,-0.004867542069405317,12.343,0.6435,0.4971,0.7584,0.8329
./structures/7m/7m1z.B.pdb,3,-0.07774001359939575,12.692,0.6282,0.46,0.773,0.8362
./structures/7m/7m1z.B.pdb,4,-0.11920104920864105,23.317,0.6429,0.5012,0.7231,0.8082
./structures/7q/7q6d.A.pdb,0,-0.6109730005264282,16.491,0.6155,0.47,0.7107,0.6168
./structures/7q/7q6d.A.pdb,1,0.09495025873184204,1.583,0.8499,0.6501,0.9584,0.9126
./structures/7q/7q6d.A.pdb,2,0.14253048598766327,1.542,0.8564,0.6632,0.9614,0.902
./structures/7q/7q6d.A.pdb,3,-0.6244266033172607,18.52,0.5849,0.4465,0.6718,0.6034
./structures/7q/7q6d.A.pdb,4,0.1385335922241211,1.772,0.8244,0.6345,0.9484,0.9126
./structures/7q/7q6g.A.pdb,0,-0.275549054145813,9.805,0.6946,0.5354,0.814,0.7092
./structures/7q/7q6g.A.pdb,1,0.15489301085472107,2.023,0.7829,0.5805,0.937,0.901
./structures/7q/7q6g.A.pdb,2,-0.0980328693985939,8.63,0.7384,0.5548,0.857,0.7559
./structures/7q/7q6g.A.pdb,3,-0.4616210460662842,10.327,0.6862,0.5387,0.7733,0.6902
./structures/7q/7q6g.A.pdb,4,0.13790206611156464,1.847,0.8157,0.6128,0.9469,0.8948
./structures/7v/7vmf.A.pdb,0,0.14474059641361237,1.066,0.9323,0.776,0.9334,0.8981
./structures/7v/7vmf.A.pdb,1,0.19310013949871063,1.065,0.9453,0.8229,0.9403,0.9183
./structures/7v/7vmf.A.pdb,2,0.2156752198934555,0.964,0.9479,0.8177,0.9421,0.9164
./structures/7v/7vmf.A.pdb,3,0.12117716670036316,1.395,0.9427,0.8177,0.928,0.895
./structures/7v/7vmf.A.pdb,4,0.18306799232959747,1.189,0.9427,0.8125,0.9362,0.9108
./structures/7v/7vmh.C.pdb,0,0.07107623666524887,4.905,0.8398,0.6869,0.857,0.885
./structures/7v/7vmh.C.pdb,1,0.037669263780117035,3.37,0.8519,0.716,0.8643,0.8773
./structures/7v/7vmh.C.pdb,2,0.08735786378383636,4.275,0.8568,0.7184,0.8706,0.8982
./structures/7v/7vmh.C.pdb,3,0.013436909765005112,3.515,0.8592,0.7063,0.8717,0.8732
./structures/7v/7vmh.C.pdb,4,0.03944646194577217,4.205,0.8714,0.7524,0.871,0.9015
./structures/7w/7w7h.E.pdb,0,0.28563392162323,1.283,0.9305,0.7924,0.9692,0.921
./structures/7w/7w7h.E.pdb,1,0.31631410121917725,1.313,0.9359,0.7933,0.9691,0.9183
./structures/7w/7w7h.E.pdb,2,0.2608049809932709,1.003,0.9368,0.8087,0.9768,0.9224
./structures/7w/7w7h.E.pdb,3,0.2670295536518097,1.327,0.9305,0.7888,0.9677,0.9146
./structures/7w/7w7h.E.pdb,4,0.27229419350624084,1.234,0.9341,0.7969,0.97,0.916
./structures/7w/7whf.G.pdb,0,-0.541938066482544,17.039,0.4027,0.3319,0.4394,0.8025
./structures/7w/7whf.G.pdb,1,-0.5314304232597351,17.306,0.3971,0.3241,0.4277,0.7904
./structures/7w/7whf.G.pdb,2,-0.521399974822998,17.564,0.3938,0.3197,0.4158,0.7619
./structures/7w/7whf.G.pdb,3,-0.5258239507675171,17.455,0.4015,0.3252,0.4305,0.7867
./structures/7w/7whf.G.pdb,4,-0.48592931032180786,17.435,0.4004,0.3208,0.427,0.7858
./structures/7x/7xce.A.pdb,0,-0.05904804542660713,4.858,0.8892,0.7734,0.9052,0.9392
./structures/7x/7xce.A.pdb,1,-0.033089056611061096,6.226,0.8841,0.7663,0.8945,0.9384
./structures/7x/7xce.A.pdb,2,-0.010380548425018787,5.106,0.8415,0.7073,0.8901,0.9425
./structures/7x/7xce.A.pdb,3,-0.07192730158567429,4.663,0.8902,0.7673,0.9098,0.9289
./structures/7x/7xce.A.pdb,4,-0.02240355871617794,7.334,0.8902,0.7886,0.9058,0.9372
./structures/7y/7y3w.A.pdb,0,-0.6252853870391846,30.136,0.1016,0.066,0.1965,0.2822
./structures/7y/7y3w.A.pdb,1,-0.604848325252533,38.114,0.1005,0.0631,0.174,0.2628
./structures/7y/7y3w.A.pdb,2,-0.6705683469772339,38.858,0.0946,0.0619,0.1718,0.275
./structures/7y/7y3w.A.pdb,3,-0.8808386921882629,43.19,0.0864,0.0596,0.1453,0.2304
./structures/7y/7y3w.A.pdb,4,-0.5829514265060425,41.859,0.0935,0.0672,0.137,0.2555
./structures/7y/7ycv.A.pdb,0,-0.4713086485862732,5.167,0.8045,0.6682,0.7442,0.8537
./structures/7y/7ycv.A.pdb,1,-0.4439755380153656,2.846,0.85,0.7,0.7843,0.8384
./structures/7y/7ycv.A.pdb,2,-0.5240253806114197,4.214,0.8091,0.6636,0.7262,0.8622
./structures/7y/7ycv.A.pdb,3,-0.34958747029304504,3.254,0.8455,0.6864,0.7759,0.8686
./structures/7y/7ycv.A.pdb,4,-0.4041135907173157,2.816,0.8364,0.6909,0.7701,0.8593
./structures/7z/7z06.A.pdb,0,-0.4727869927883148,11.306,0.3315,0.221,0.4206,0.3791
./structures/7z/7z06.A.pdb,1,-0.4732109308242798,13.259,0.3688,0.2472,0.4691,0.3803
./structures/7z/7z06.A.pdb,2,-0.4007881283760071,11.816,0.3439,0.2334,0.4414,0.3951
./structures/7z/7z06.A.pdb,3,-0.5199424624443054,10.927,0.326,0.2293,0.4002,0.3649
./structures/7z/7z06.A.pdb,4,-0.6513541340827942,12.194,0.3425,0.2279,0.4414,0.3519
./structures/7z/7zty.A.pdb,0,-0.8203952312469482,13.23,0.4379,0.304,0.5691,0.6769
./structures/7z/7zty.A.pdb,1,-1.025429129600525,27.195,0.4667,0.3558,0.549,0.5465
./structures/7z/7zty.A.pdb,2,-1.1032779216766357,20.718,0.4098,0.3062,0.5113,0.5119
./structures/7z/7zty.A.pdb,3,-0.7130016088485718,22.196,0.4186,0.2899,0.555,0.6652
./structures/7z/7zty.A.pdb,4,-0.8983919620513916,20.673,0.3979,0.2729,0.5318,0.6029
./structures/7o/7oj1.A.pdb,0,0.07059743255376816,10.592,0.7182,0.601,0.7861,0.8666
./structures/7o/7oj1.A.pdb,1,0.07479634881019592,8.082,0.7089,0.6228,0.756,0.877
./structures/7o/7oj1.A.pdb,2,-0.44465261697769165,25.838,0.5181,0.4607,0.5672,0.6113
./structures/7o/7oj1.A.pdb,3,0.07989858090877533,10.021,0.7232,0.6172,0.7919,0.8698
./structures/7o/7oj1.A.pdb,4,-0.18322667479515076,16.655,0.6322,0.5399,0.6982,0.748
./structures/7o/7oj2.A.pdb,0,-0.012792309746146202,4.249,0.8683,0.7472,0.9187,0.8905
./structures/7o/7oj2.A.pdb,1,-0.07404971867799759,8.739,0.8456,0.7174,0.8979,0.878
./structures/7o/7oj2.A.pdb,2,-0.023756327107548714,3.489,0.886,0.755,0.9379,0.9008
./structures/7o/7oj2.A.pdb,3,-0.07545337080955505,7.466,0.8697,0.7408,0.9151,0.8834
./structures/7o/7oj2.A.pdb,4,-0.023073306307196617,5.752,0.8683,0.7635,0.9177,0.8948
./structures/7t/7t5w.B.pdb,0,-1.2399301528930664,7.199,0.5,0.3537,0.3662,0.4833
./structures/7t/7t5w.B.pdb,1,-1.9597975015640259,10.278,0.2561,0.1341,0.1481,0.2584
./structures/7t/7t5w.B.pdb,2,-0.21043691039085388,3.343,0.811,0.6463,0.6663,0.8733
./structures/7t/7t5w.B.pdb,3,-0.5188858509063721,5.42,0.8049,0.689,0.7152,0.8447
./structures/7t/7t5w.B.pdb,4,-0.36631539463996887,2.878,0.8537,0.7195,0.733,0.8747
./structures/7t/7tif.A.pdb,0,-0.5570577383041382,31.143,0.4882,0.3857,0.5505,0.5462
./structures/7t/7tif.A.pdb,1,-0.5490410923957825,28.907,0.5005,0.3895,0.5718,0.5551
./structures/7t/7tif.A.pdb,2,-0.5147969722747803,23.666,0.5354,0.4276,0.6006,0.5707
./structures/7t/7tif.A.pdb,3,-0.5543708801269531,28.443,0.492,0.3884,0.5588,0.5505
./structures/7t/7tif.A.pdb,4,-0.5716988444328308,23.353,0.507,0.4013,0.5883,0.5662
./structures/7u/7upm.A.pdb,0,0.20568615198135376,1.525,0.8857,0.7364,0.9562,0.912
./structures/7u/7upm.A.pdb,1,0.2594688832759857,1.25,0.9409,0.8052,0.9708,0.9241
./structures/7u/7upm.A.pdb,2,0.243213951587677,1.376,0.9041,0.7587,0.9608,0.9185
./structures/7u/7upm.A.pdb,3,0.24977387487888336,1.374,0.8983,0.7432,0.9599,0.9187
./structures/7u/7upm.A.pdb,4,0.2057163268327713,1.76,0.8653,0.7103,0.944,0.9124
./structures/7v/7vd7.B.pdb,0,-1.90095055103302,12.312,0.1818,0.1023,0.1137,0.2122
./structures/7v/7vd7.B.pdb,1,-2.000369071960449,11.287,0.2443,0.1364,0.1359,0.2961
./structures/7v/7vd7.B.pdb,2,-1.9209777116775513,13.884,0.2045,0.1307,0.1224,0.2542
./structures/7v/7vd7.B.pdb,3,-1.9319188594818115,12.688,0.2045,0.1023,0.122,0.3045
./structures/7v/7vd7.B.pdb,4,-1.9204738140106201,12.887,0.1875,0.1023,0.1046,0.2458
./structures/7v/7vfc.A.pdb,0,0.0648389607667923,2.398,0.8805,0.7226,0.9325,0.8479
./structures/7v/7vfc.A.pdb,1,-0.009081510826945305,4.579,0.83,0.6689,0.8809,0.7888
./structures/7v/7vfc.A.pdb,2,0.06428839266300201,2.724,0.8476,0.6732,0.8996,0.8109
./structures/7v/7vfc.A.pdb,3,0.04233885928988457,3.016,0.8531,0.7007,0.9003,0.8094
./structures/7v/7vfc.A.pdb,4,0.021019306033849716,3.405,0.8454,0.6963,0.8952,0.7966
./structures/7v/7vfq.C.pdb,0,0.10253717750310898,1.632,0.8338,0.6322,0.9575,0.844
./structures/7v/7vfq.C.pdb,1,-0.22100119292736053,16.258,0.721,0.5453,0.8214,0.7237
./structures/7v/7vfq.C.pdb,2,0.05401889234781265,1.884,0.8186,0.6184,0.9475,0.8258
./structures/7v/7vfq.C.pdb,3,0.13077184557914734,1.662,0.8432,0.6385,0.9562,0.8456
./structures/7v/7vfq.C.pdb,4,0.09147313982248306,1.721,0.8186,0.6108,0.9514,0.8446
./structures/7w/7wfx.A.pdb,0,-0.6039497256278992,37.932,0.4199,0.3007,0.5357,0.5082
./structures/7w/7wfx.A.pdb,1,-0.9942359328269958,35.251,0.4077,0.2992,0.4944,0.4553
./structures/7w/7wfx.A.pdb,2,-0.7798540592193604,29.03,0.3829,0.2789,0.4925,0.4823
./structures/7w/7wfx.A.pdb,3,-0.6772894263267517,33.204,0.4244,0.2956,0.5672,0.5237
./structures/7w/7wfx.A.pdb,4,-0.6448516845703125,37.171,0.4189,0.3017,0.5305,0.5076
./structures/7x/7x0g.A.pdb,0,0.31866246461868286,1.473,0.8385,0.6606,0.9513,0.9318
./structures/7x/7x0g.A.pdb,1,0.3273533582687378,1.452,0.8828,0.7153,0.9633,0.9403
./structures/7x/7x0g.A.pdb,2,0.38956910371780396,1.274,0.8819,0.7179,0.9646,0.9377
./structures/7x/7x0g.A.pdb,3,0.27928030490875244,1.104,0.9219,0.7465,0.9745,0.926
./structures/7x/7x0g.A.pdb,4,0.2927384078502655,1.169,0.9062,0.7248,0.9686,0.9278
./structures/7x/7x0q.A.pdb,0,0.218938410282135,1.407,0.8612,0.6657,0.9638,0.9076
./structures/7x/7x0q.A.pdb,1,0.15333713591098785,1.851,0.7901,0.5925,0.9386,0.9085
./structures/7x/7x0q.A.pdb,2,0.2234930545091629,1.328,0.8695,0.6789,0.9672,0.9089
./structures/7x/7x0q.A.pdb,3,0.1958344727754593,1.723,0.8198,0.6229,0.9466,0.9062
./structures/7x/7x0q.A.pdb,4,0.15035858750343323,1.899,0.7797,0.5739,0.9356,0.902
./structures/7x/7x0r.B.pdb,0,0.1842644065618515,1.027,0.9417,0.8051,0.9782,0.9355
./structures/7x/7x0r.B.pdb,1,0.16804224252700806,2.048,0.9545,0.8395,0.9711,0.9424
./structures/7x/7x0r.B.pdb,2,0.1399657130241394,1.086,0.9704,0.8522,0.9832,0.9466
./structures/7x/7x0r.B.pdb,3,0.17059606313705444,0.982,0.9593,0.8403,0.9815,0.9456
./structures/7x/7x0r.B.pdb,4,0.1323157250881195,1.373,0.9449,0.8011,0.9745,0.9416
./structures/7x/7x15.A.pdb,0,-0.35240474343299866,18.867,0.1225,0.0817,0.2107,0.3488
./structures/7x/7x15.A.pdb,1,-0.35883092880249023,15.269,0.1544,0.0896,0.2714,0.3917
./structures/7x/7x15.A.pdb,2,-0.3234747350215912,17.568,0.1335,0.0876,0.219,0.358
./structures/7x/7x15.A.pdb,3,-0.3116336762905121,18.544,0.1474,0.1026,0.2219,0.3636
./structures/7x/7x15.A.pdb,4,-0.2755066454410553,16.308,0.1813,0.1026,0.2762,0.4043
./structures/7p/7pk5.A.pdb,0,-0.033503711223602295,0.985,0.9407,0.7984,0.9752,0.9187
./structures/7p/7pk5.A.pdb,1,-0.027645332738757133,1.008,0.9289,0.7619,0.9733,0.9245
./structures/7p/7pk5.A.pdb,2,0.03313739225268364,0.989,0.9328,0.7875,0.9754,0.9135
./structures/7p/7pk5.A.pdb,3,-0.042828161269426346,1.201,0.9298,0.754,0.9687,0.9202
./structures/7p/7pk5.A.pdb,4,0.013726442120969296,1.107,0.9101,0.7322,0.9679,0.9152
./structures/7p/7pkw.A.pdb,0,-0.20090030133724213,14.266,0.425,0.3479,0.4596,0.8442
./structures/7p/7pkw.A.pdb,1,-0.18154430389404297,14.077,0.4167,0.3479,0.4602,0.8543
./structures/7p/7pkw.A.pdb,2,-0.033545561134815216,14.247,0.4156,0.3521,0.4557,0.857
./structures/7p/7pkw.A.pdb,3,-0.060930151492357254,13.983,0.425,0.3656,0.4571,0.8561
./structures/7p/7pkw.A.pdb,4,-0.09382063150405884,13.797,0.4062,0.3406,0.4463,0.8339
./structures/7p/7pl4.A.pdb,0,-0.23676835000514984,2.908,0.8145,0.6613,0.6133,0.7812
./structures/7p/7pl4.A.pdb,1,-1.9936083555221558,9.6,0.3065,0.1613,0.1128,0.3246
./structures/7p/7pl4.A.pdb,2,-1.8352550268173218,10.495,0.3306,0.2097,0.1294,0.3498
./structures/7p/7pl4.A.pdb,3,-0.745970606803894,3.945,0.7742,0.6371,0.5515,0.631
./structures/7p/7pl4.A.pdb,4,-1.8751804828643799,9.459,0.3065,0.1694,0.1308,0.3125
./structures/7p/7pl7.A.pdb,0,0.13691703975200653,1.055,0.9548,0.8258,0.9621,0.9287
./structures/7p/7pl7.A.pdb,1,0.20177161693572998,0.956,0.9548,0.829,0.9663,0.9312
./structures/7p/7pl7.A.pdb,2,0.23597945272922516,1.086,0.9387,0.8097,0.9582,0.9296
./structures/7p/7pl7.A.pdb,3,0.15823866426944733,1.25,0.9597,0.8371,0.9611,0.9368
./structures/7p/7pl7.A.pdb,4,0.2620486617088318,1.038,0.9306,0.7903,0.9591,0.9154
./structures/7r/7r08.E.pdb,0,-0.22404228150844574,33.905,0.439,0.3186,0.5439,0.6378
./structures/7r/7r08.E.pdb,1,-0.20473678410053253,34.629,0.4488,0.3371,0.5414,0.6448
./structures/7r/7r08.E.pdb,2,-0.2726995050907135,27.663,0.4652,0.353,0.5491,0.6507
./structures/7r/7r08.E.pdb,3,-0.31318920850753784,38.056,0.4641,0.3478,0.5463,0.6079
./structures/7r/7r08.E.pdb,4,-0.2143373191356659,37.584,0.4477,0.3325,0.5426,0.6152
./structures/7t/7t1j.B.pdb,0,-0.5217851400375366,14.314,0.6409,0.5214,0.7046,0.677
./structures/7t/7t1j.B.pdb,1,-0.08606471121311188,10.347,0.614,0.4819,0.7158,0.7825
./structures/7t/7t1j.B.pdb,2,-0.10834445059299469,19.293,0.6162,0.4841,0.6875,0.7882
./structures/7t/7t1j.B.pdb,3,-0.5619030594825745,12.98,0.6135,0.483,0.6988,0.6583
./structures/7t/7t1j.B.pdb,4,-0.0631411150097847,3.638,0.7018,0.5077,0.8865,0.8298
./structures/7u/7uwg.C.pdb,0,0.24794216454029083,2.225,0.8595,0.6934,0.892,0.801
./structures/7u/7uwg.C.pdb,1,0.2851007580757141,1.919,0.8668,0.7007,0.8992,0.8145
./structures/7u/7uwg.C.pdb,2,0.34385254979133606,2.101,0.8686,0.7245,0.9019,0.8174
./structures/7u/7uwg.C.pdb,3,0.26419082283973694,2.364,0.8431,0.6934,0.8821,0.7969
./structures/7u/7uwg.C.pdb,4,0.3002440631389618,2.116,0.8631,0.7099,0.8949,0.8081
./structures/7u/7uxt.A.pdb,0,-0.15500599145889282,14.885,0.4963,0.3849,0.5859,0.797
./structures/7u/7uxt.A.pdb,1,-0.24111905694007874,29.359,0.5213,0.4195,0.5786,0.7592
./structures/7u/7uxt.A.pdb,2,-0.15263792872428894,6.692,0.5453,0.3795,0.673,0.8161
./structures/7u/7uxt.A.pdb,3,-0.12463247776031494,8.174,0.5224,0.3934,0.6169,0.8129
./structures/7u/7uxt.A.pdb,4,-0.1355651468038559,17.352,0.5043,0.3897,0.5849,0.8032
./structures/7v/7vbo.A.pdb,0,-0.15383705496788025,2.357,0.8619,0.7099,0.9019,0.8206
./structures/7v/7vbo.A.pdb,1,-0.13641130924224854,2.283,0.8619,0.7017,0.9098,0.8135
./structures/7v/7vbo.A.pdb,2,-0.11649683117866516,1.742,0.8812,0.7196,0.9246,0.8302
./structures/7v/7vbo.A.pdb,3,-0.09375327825546265,3.381,0.8536,0.7182,0.8918,0.822
./structures/7v/7vbo.A.pdb,4,-0.23095613718032837,2.535,0.8467,0.6713,0.8942,0.7969
./structures/7v/7vi8.B.pdb,0,0.2864276170730591,0.885,0.9457,0.8211,0.98,0.9247
./structures/7v/7vi8.B.pdb,1,0.30387288331985474,0.873,0.9605,0.8508,0.9816,0.9298
./structures/7v/7vi8.B.pdb,2,0.37917235493659973,0.88,0.9615,0.835,0.9816,0.9262
./structures/7v/7vi8.B.pdb,3,0.32794833183288574,0.911,0.9615,0.832,0.9809,0.9275
./structures/7v/7vi8.B.pdb,4,0.3406565189361572,0.92,0.9664,0.8547,0.9822,0.9243
./structures/7v/7vt4.A.pdb,0,-0.26451781392097473,23.177,0.4361,0.3824,0.4671,0.6755
./structures/7v/7vt4.A.pdb,1,-0.13424980640411377,9.164,0.6541,0.5445,0.7216,0.8149
./structures/7v/7vt4.A.pdb,2,-0.11582128703594208,8.729,0.6427,0.5274,0.7288,0.8124
./structures/7v/7vt4.A.pdb,3,-0.13847015798091888,7.748,0.661,0.5497,0.7343,0.8178
./structures/7v/7vt4.A.pdb,4,-0.21544617414474487,11.78,0.3841,0.2991,0.4737,0.7011
./structures/7v/7vt5.A.pdb,0,0.12578925490379333,1.759,0.955,0.8127,0.9757,0.9363
./structures/7v/7vt5.A.pdb,1,0.11366192996501923,1.466,0.9751,0.8529,0.9806,0.9405
./structures/7v/7vt5.A.pdb,2,0.08549525588750839,1.252,0.9614,0.8304,0.9809,0.9407
./structures/7v/7vt5.A.pdb,3,0.11219480633735657,1.38,0.9678,0.8441,0.98,0.939
./structures/7v/7vt5.A.pdb,4,0.14846709370613098,1.227,0.9678,0.8368,0.9809,0.9404
./structures/7w/7w6x.A.pdb,0,-0.45274221897125244,18.942,0.4086,0.2976,0.5103,0.6558
./structures/7w/7w6x.A.pdb,1,-0.2399287074804306,10.975,0.4658,0.3117,0.6119,0.7921
./structures/7w/7w6x.A.pdb,2,-1.146756649017334,21.247,0.3285,0.2354,0.4361,0.4718
./structures/7w/7w6x.A.pdb,3,-0.11016850173473358,24.695,0.4075,0.2651,0.5535,0.7317
./structures/7w/7w6x.A.pdb,4,-0.1756010353565216,16.853,0.3515,0.2494,0.4987,0.7381
./structures/7x/7x7w.A.pdb,0,0.23233921825885773,1.807,0.9271,0.8142,0.9545,0.892
./structures/7x/7x7w.A.pdb,1,0.18878591060638428,1.781,0.9167,0.7925,0.9498,0.8886
./structures/7x/7x7w.A.pdb,2,0.21909961104393005,1.487,0.9201,0.783,0.9601,0.8874
./structures/7x/7x7w.A.pdb,3,0.21506108343601227,2.037,0.9149,0.7908,0.9431,0.8748
./structures/7x/7x7w.A.pdb,4,0.21930916607379913,1.509,0.9323,0.8021,0.9617,0.9052
./structures/7z/7zgm.A.pdb,0,-1.592926025390625,32.268,0.2226,0.1752,0.3064,0.2957
./structures/7z/7zgm.A.pdb,1,-1.2959119081497192,39.077,0.0844,0.047,0.2148,0.4137
./structures/7z/7zgm.A.pdb,2,-1.352426528930664,24.495,0.2942,0.2137,0.4028,0.3715
./structures/7z/7zgm.A.pdb,3,-1.1995947360992432,28.847,0.3992,0.2988,0.4843,0.4309
./structures/7z/7zgm.A.pdb,4,-0.4859713912010193,38.625,0.4031,0.3177,0.4647,0.6677
./structures/7z/7zw9.A.pdb,0,-0.02351858839392662,0.643,0.9899,0.909,0.9856,0.9635
./structures/7z/7zw9.A.pdb,1,-0.013088000938296318,0.655,0.9841,0.9249,0.9862,0.964
./structures/7z/7zw9.A.pdb,2,-0.02930758334696293,0.611,0.9913,0.9393,0.9875,0.9658
./structures/7z/7zw9.A.pdb,3,-0.03112315945327282,0.583,0.9899,0.9249,0.9873,0.9578
./structures/7z/7zw9.A.pdb,4,-0.03758811578154564,0.544,0.9913,0.9147,0.9883,0.9641
./structures/8d/8d7f.A.pdb,0,-0.12698350846767426,12.644,0.5767,0.4061,0.738,0.6032
./structures/8d/8d7f.A.pdb,1,-0.17226815223693848,24.256,0.5401,0.3833,0.6806,0.5549
./structures/8d/8d7f.A.pdb,2,-0.16605986654758453,23.899,0.5539,0.3881,0.6983,0.5705
./structures/8d/8d7f.A.pdb,3,-0.22327348589897156,24.335,0.5373,0.3902,0.6714,0.5315
./structures/8d/8d7f.A.pdb,4,-0.14385205507278442,16.168,0.549,0.3805,0.713,0.5803
./structures/8d/8dkr.B.pdb,0,0.060587406158447266,3.652,0.8206,0.6452,0.8926,0.8364
./structures/8d/8dkr.B.pdb,1,0.05451921373605728,4.264,0.8317,0.6653,0.8976,0.846
./structures/8d/8dkr.B.pdb,2,0.10157883912324905,4.45,0.8155,0.6603,0.8845,0.8449
./structures/8d/8dkr.B.pdb,3,0.07401345670223236,4.458,0.8337,0.6704,0.8932,0.8416
./structures/8d/8dkr.B.pdb,4,0.10704861581325531,4.17,0.7802,0.6018,0.877,0.8275
./structures/7f/7fgp.A.pdb,0,0.05208856239914894,2.928,0.813,0.6393,0.925,0.846
./structures/7f/7fgp.A.pdb,1,0.043624915182590485,2.386,0.8581,0.6969,0.9443,0.8619
./structures/7f/7fgp.A.pdb,2,0.022098597139120102,2.401,0.8515,0.6658,0.9444,0.86
./structures/7f/7fgp.A.pdb,3,0.025286965072155,2.339,0.8243,0.6479,0.9347,0.8476
./structures/7f/7fgp.A.pdb,4,0.05107403174042702,3.377,0.8468,0.6698,0.9361,0.8421
./structures/7q/7q83.D.pdb,0,-0.2907857894897461,8.033,0.8413,0.6955,0.8766,0.8388
./structures/7q/7q83.D.pdb,1,-0.08779948204755783,8.017,0.8478,0.7019,0.8727,0.8454
./structures/7q/7q83.D.pdb,2,-0.27308985590934753,7.761,0.8413,0.7003,0.8754,0.8314
./structures/7q/7q83.D.pdb,3,-0.09199071675539017,7.952,0.8413,0.6875,0.8777,0.8387
./structures/7q/7q83.D.pdb,4,-0.1010848805308342,7.922,0.8397,0.7099,0.8749,0.8446
./structures/7t/7te2.A.pdb,0,0.20294150710105896,2.489,0.7451,0.5463,0.85,0.8704
./structures/7t/7te2.A.pdb,1,0.2867196500301361,2.515,0.7317,0.5317,0.8468,0.8673
./structures/7t/7te2.A.pdb,2,0.25114700198173523,2.827,0.711,0.4988,0.8199,0.857
./structures/7t/7te2.A.pdb,3,0.1862211376428604,2.56,0.739,0.5402,0.8432,0.8602
./structures/7t/7te2.A.pdb,4,0.22825880348682404,2.99,0.722,0.5195,0.808,0.8658
./structures/7t/7tol.A.pdb,0,-0.44208824634552,9.284,0.6815,0.5223,0.8118,0.7171
./structures/7t/7tol.A.pdb,1,-0.9467064142227173,27.063,0.1187,0.0624,0.2526,0.4907
./structures/7t/7tol.A.pdb,2,-0.5405285358428955,13.322,0.6471,0.4914,0.7736,0.6393
./structures/7t/7tol.A.pdb,3,-1.954575777053833,27.722,0.0674,0.0228,0.2308,0.1953
./structures/7t/7tol.A.pdb,4,-0.8501361608505249,28.91,0.5259,0.4067,0.6051,0.5042
./structures/7u/7ug9.A.pdb,0,0.20724597573280334,1.174,0.9527,0.8192,0.969,0.9371
./structures/7u/7ug9.A.pdb,1,0.17389026284217834,1.218,0.9624,0.8532,0.9697,0.9406
./structures/7u/7ug9.A.pdb,2,0.2144433856010437,1.104,0.9575,0.8592,0.973,0.9453
./structures/7u/7ug9.A.pdb,3,0.206240713596344,1.144,0.9684,0.8738,0.9751,0.9579
./structures/7u/7ug9.A.pdb,4,0.18149332702159882,0.832,0.9697,0.8677,0.9801,0.948
./structures/7w/7wq5.A.pdb,0,-0.6166689395904541,3.727,0.6817,0.4985,0.768,0.8673
./structures/7w/7wq5.A.pdb,1,-0.5971918702125549,4.154,0.6555,0.4637,0.7213,0.8523
./structures/7w/7wq5.A.pdb,2,-0.5746625661849976,4.488,0.6584,0.4782,0.6877,0.8506
./structures/7w/7wq5.A.pdb,3,-0.6219531893730164,5.323,0.5988,0.4288,0.6606,0.83
./structures/7w/7wq5.A.pdb,4,-0.6471906900405884,5.198,0.6192,0.4506,0.6812,0.8495
./structures/7x/7xjt.B.pdb,0,0.2507692277431488,2.971,0.7568,0.5811,0.8938,0.8355
./structures/7x/7xjt.B.pdb,1,0.22304822504520416,3.008,0.7636,0.5803,0.8927,0.8483
./structures/7x/7xjt.B.pdb,2,0.2614097595214844,3.144,0.7402,0.5538,0.8821,0.8392
./structures/7x/7xjt.B.pdb,3,0.21361346542835236,2.993,0.7583,0.5833,0.8967,0.8429
./structures/7x/7xjt.B.pdb,4,0.22488243877887726,2.951,0.7561,0.5803,0.8973,0.8419
./structures/7y/7y4n.A.pdb,0,0.016104573383927345,1.796,0.85,0.6542,0.7927,0.7671
./structures/7y/7y4n.A.pdb,1,0.17729410529136658,2.213,0.85,0.675,0.78,0.7811
./structures/7y/7y4n.A.pdb,2,0.09021590650081635,1.598,0.8625,0.6667,0.8054,0.806
./structures/7y/7y4n.A.pdb,3,0.06836239248514175,1.711,0.8708,0.7,0.8159,0.7943
./structures/7y/7y4n.A.pdb,4,0.06200128793716431,1.895,0.8583,0.6625,0.7988,0.7754
./structures/7y/7y78.B.pdb,0,-0.05270114541053772,9.838,0.4611,0.3607,0.535,0.6521
./structures/7y/7y78.B.pdb,1,-0.11029361933469772,10.459,0.4457,0.3556,0.5084,0.6431
./structures/7y/7y78.B.pdb,2,-0.1367569863796234,9.662,0.4751,0.368,0.5796,0.6631
./structures/7y/7y78.B.pdb,3,-0.02646663971245289,8.525,0.4802,0.357,0.5467,0.6445
./structures/7y/7y78.B.pdb,4,-0.09170383214950562,8.556,0.4758,0.3424,0.5546,0.6442
./structures/7y/7y79.B.pdb,0,-0.300470769405365,9.748,0.4167,0.2679,0.5364,0.5044
./structures/7y/7y79.B.pdb,1,-0.301422655582428,10.678,0.45,0.309,0.5576,0.5028
./structures/7y/7y79.B.pdb,2,-0.31631869077682495,9.89,0.4218,0.2705,0.5446,0.5055
./structures/7y/7y79.B.pdb,3,-0.23541702330112457,9.757,0.4167,0.2654,0.5257,0.4993
./structures/7y/7y79.B.pdb,4,-0.2894812822341919,10.925,0.4359,0.2821,0.5333,0.4975
./structures/7y/7ymo.A.pdb,0,0.13596831262111664,1.532,0.9126,0.7415,0.9508,0.8894
./structures/7y/7ymo.A.pdb,1,0.15543414652347565,1.425,0.8883,0.693,0.945,0.8751
./structures/7y/7ymo.A.pdb,2,0.11734013259410858,1.457,0.9005,0.7172,0.9495,0.8862
./structures/7y/7ymo.A.pdb,3,0.09804825484752655,1.776,0.9126,0.7512,0.949,0.8912
./structures/7y/7ymo.A.pdb,4,0.1325637847185135,1.535,0.8981,0.7233,0.9476,0.8888
./structures/7z/7zk1.A.pdb,0,0.05110640078783035,1.424,0.8971,0.7387,0.9529,0.9074
./structures/7z/7zk1.A.pdb,1,0.07432003319263458,1.249,0.9239,0.7942,0.9631,0.9157
./structures/7z/7zk1.A.pdb,2,0.06362443417310715,1.42,0.8889,0.7253,0.9522,0.9008
./structures/7z/7zk1.A.pdb,3,0.06851645559072495,1.42,0.9012,0.75,0.9532,0.8997
./structures/7z/7zk1.A.pdb,4,0.09681989252567291,1.337,0.9146,0.7706,0.9582,0.9176
./structures/8a/8ajp.A.pdb,0,0.12344706058502197,1.575,0.9359,0.7965,0.9573,0.8976
./structures/8a/8ajp.A.pdb,1,0.1501925140619278,1.607,0.9158,0.7764,0.9536,0.8927
./structures/8a/8ajp.A.pdb,2,0.13320864737033844,1.585,0.902,0.7337,0.947,0.8766
./structures/8a/8ajp.A.pdb,3,0.12384359538555145,1.701,0.907,0.7437,0.9482,0.8784
./structures/8a/8ajp.A.pdb,4,0.16791127622127533,1.46,0.9033,0.7399,0.9507,0.8763
./structures/8c/8cxl.A.pdb,0,-0.24452197551727295,28.325,0.5281,0.4342,0.5729,0.6604
./structures/8c/8cxl.A.pdb,1,-0.32746025919914246,22.991,0.509,0.3986,0.5844,0.6498
./structures/8c/8cxl.A.pdb,2,-0.232012540102005,23.832,0.5207,0.4209,0.5849,0.6627
./structures/8c/8cxl.A.pdb,3,-0.37648218870162964,32.204,0.5032,0.3933,0.5746,0.6495
./structures/8c/8cxl.A.pdb,4,-0.2999561131000519,26.663,0.5037,0.3938,0.57,0.6422
./structures/7e/7eoz.A.pdb,0,-1.1577298641204834,24.705,0.3491,0.2557,0.4489,0.4074
./structures/7e/7eoz.A.pdb,1,-0.19118249416351318,6.904,0.6935,0.5524,0.787,0.8075
./structures/7e/7eoz.A.pdb,2,-0.20830459892749786,3.763,0.765,0.5783,0.9036,0.8345
./structures/7e/7eoz.A.pdb,3,-0.972021222114563,23.108,0.5239,0.4098,0.6048,0.5093
./structures/7e/7eoz.A.pdb,4,-0.08362942934036255,3.009,0.778,0.5866,0.9134,0.8531
./structures/7q/7qpe.A.pdb,0,-0.3436984419822693,8.218,0.6643,0.4831,0.8226,0.722
./structures/7q/7qpe.A.pdb,1,-0.3920934200286865,10.564,0.6002,0.4277,0.7634,0.7217
./structures/7q/7qpe.A.pdb,2,-0.7288435697555542,8.966,0.6247,0.4784,0.7528,0.5967
./structures/7q/7qpe.A.pdb,3,-0.7981765866279602,10.735,0.5938,0.4522,0.7159,0.6104
./structures/7q/7qpe.A.pdb,4,-0.2242102324962616,6.114,0.5979,0.4429,0.7652,0.7318
./structures/7r/7rup.A.pdb,0,0.14481121301651,1.527,0.8975,0.7377,0.8405,0.8458
./structures/7r/7rup.A.pdb,1,0.01679074391722679,1.5,0.8934,0.7377,0.8384,0.8534
./structures/7r/7rup.A.pdb,2,-0.022653015330433846,1.707,0.873,0.7131,0.8228,0.8138
./structures/7r/7rup.A.pdb,3,0.07326966524124146,1.555,0.918,0.7787,0.8646,0.8747
./structures/7r/7rup.A.pdb,4,0.07165393233299255,1.377,0.9057,0.7746,0.858,0.8829
./structures/7r/7ruq.A.pdb,0,-0.1287352293729782,1.639,0.9113,0.7742,0.8666,0.874
./structures/7r/7ruq.A.pdb,1,-0.11523430794477463,1.399,0.9355,0.7782,0.8903,0.8964
./structures/7r/7ruq.A.pdb,2,-0.0649125874042511,1.787,0.9234,0.7823,0.8804,0.8811
./structures/7r/7ruq.A.pdb,3,-0.1737910360097885,1.42,0.9315,0.7742,0.8831,0.8745
./structures/7r/7ruq.A.pdb,4,-0.11534549295902252,1.68,0.9315,0.8306,0.8929,0.9015
./structures/7s/7s8k.B.pdb,0,0.1279025375843048,2.261,0.8732,0.6996,0.9392,0.8558
./structures/7s/7s8k.B.pdb,1,0.0920051783323288,3.64,0.8624,0.6844,0.9275,0.835
./structures/7s/7s8k.B.pdb,2,0.08113382756710052,3.755,0.8894,0.7311,0.9397,0.8583
./structures/7s/7s8k.B.pdb,3,0.1250351220369339,3.09,0.8597,0.6871,0.9274,0.8411
./structures/7s/7s8k.B.pdb,4,0.09377650171518326,2.951,0.8858,0.7212,0.9374,0.856
./structures/7s/7spn.A.pdb,0,0.01362394168972969,13.098,0.7067,0.5981,0.7637,0.8116
./structures/7s/7spn.A.pdb,1,-0.3851180672645569,15.374,0.7237,0.6091,0.7681,0.7214
./structures/7s/7spn.A.pdb,2,-0.4107068181037903,15.213,0.7067,0.5921,0.7562,0.7183
./structures/7s/7spn.A.pdb,3,-0.4017695486545563,9.369,0.7286,0.5998,0.7881,0.726
./structures/7s/7spn.A.pdb,4,-0.3627537190914154,20.507,0.7193,0.6129,0.7572,0.7232
./structures/7u/7u04.H.pdb,0,0.2205187827348709,5.674,0.6178,0.4835,0.6327,0.876
./structures/7u/7u04.H.pdb,1,0.18446041643619537,5.615,0.6123,0.4802,0.6361,0.8862
./structures/7u/7u04.H.pdb,2,0.20950224995613098,4.256,0.6773,0.5374,0.755,0.8892
./structures/7u/7u04.H.pdb,3,0.23497815430164337,6.037,0.6068,0.4857,0.6227,0.8868
./structures/7u/7u04.H.pdb,4,0.1881590336561203,5.588,0.6211,0.4769,0.6353,0.8872
./structures/7v/7v5f.A.pdb,0,-0.5227981805801392,5.158,0.5726,0.371,0.3097,0.5807
./structures/7v/7v5f.A.pdb,1,-0.6387119293212891,5.514,0.5081,0.3306,0.2134,0.5462
./structures/7v/7v5f.A.pdb,2,-0.5764338374137878,6.019,0.5403,0.3629,0.2715,0.5135
./structures/7v/7v5f.A.pdb,3,-0.738733172416687,5.18,0.5242,0.3387,0.2118,0.5246
./structures/7v/7v5f.A.pdb,4,-1.195196270942688,6.991,0.4435,0.2984,0.217,0.5376
./structures/7v/7v8t.A.pdb,0,0.1843869686126709,1.042,0.9298,0.7816,0.9724,0.9268
./structures/7v/7v8t.A.pdb,1,0.18131083250045776,0.94,0.9466,0.8211,0.9775,0.9383
./structures/7v/7v8t.A.pdb,2,0.19314678013324738,0.909,0.9457,0.7816,0.9777,0.9277
./structures/7v/7v8t.A.pdb,3,0.20914065837860107,1.026,0.9407,0.7628,0.9728,0.9195
./structures/7v/7v8t.A.pdb,4,0.17260360717773438,0.808,0.9585,0.8073,0.982,0.9282
./structures/7v/7vpu.A.pdb,0,-0.3346223831176758,7.471,0.5682,0.4045,0.6562,0.7072
./structures/7v/7vpu.A.pdb,1,-0.26236099004745483,5.851,0.5727,0.3918,0.6613,0.7127
./structures/7v/7vpu.A.pdb,2,-0.23307868838310242,5.383,0.5882,0.4209,0.6801,0.7193
./structures/7v/7vpu.A.pdb,3,-0.265354186296463,5.856,0.5573,0.3809,0.6708,0.7037
./structures/7v/7vpu.A.pdb,4,-0.2488521933555603,5.585,0.5864,0.4036,0.6877,0.7188
./structures/7v/7vyu.A.pdb,0,-0.0017911669565364718,2.35,0.8646,0.7101,0.9369,0.8677
./structures/7v/7vyu.A.pdb,1,0.04604274407029152,1.967,0.875,0.7123,0.9442,0.8808
./structures/7v/7vyu.A.pdb,2,0.06412863731384277,2.671,0.8602,0.7093,0.9344,0.8727
./structures/7v/7vyu.A.pdb,3,0.09427714347839355,2.212,0.8743,0.7167,0.9424,0.8808
./structures/7v/7vyu.A.pdb,4,0.014921692200005054,2.194,0.8639,0.7078,0.939,0.8706
./structures/7n/7n6h.A.pdb,0,-0.4723120331764221,11.587,0.6377,0.5029,0.7409,0.6559
./structures/7n/7n6h.A.pdb,1,0.004074797034263611,2.209,0.875,0.6956,0.955,0.87
./structures/7n/7n6h.A.pdb,2,-0.4094465374946594,15.154,0.6834,0.5544,0.7575,0.6817
./structures/7n/7n6h.A.pdb,3,-0.3787829875946045,11.309,0.7054,0.5602,0.7861,0.6871
./structures/7n/7n6h.A.pdb,4,-0.38284462690353394,14.076,0.7037,0.5729,0.766,0.6889
./structures/7p/7pcv.A.pdb,0,0.021687911823391914,9.527,0.6724,0.5453,0.689,0.7617
./structures/7p/7pcv.A.pdb,1,-0.06841833889484406,9.39,0.6767,0.5431,0.6911,0.7633
./structures/7p/7pcv.A.pdb,2,-0.02701745368540287,9.332,0.653,0.5065,0.6838,0.7554
./structures/7p/7pcv.A.pdb,3,-0.022943615913391113,9.911,0.6573,0.5237,0.6802,0.7508
./structures/7p/7pcv.A.pdb,4,-0.031694747507572174,9.333,0.6681,0.5259,0.6855,0.7561
./structures/7r/7rt7.D.pdb,0,-0.22522157430648804,7.406,0.4618,0.2969,0.5427,0.6153
./structures/7r/7rt7.D.pdb,1,-0.2503497898578644,6.789,0.474,0.2899,0.5452,0.6097
./structures/7r/7rt7.D.pdb,2,-0.13346688449382782,6.796,0.4809,0.309,0.5635,0.6319
./structures/7r/7rt7.D.pdb,3,-0.24889212846755981,6.699,0.4653,0.2865,0.5416,0.6199
./structures/7r/7rt7.D.pdb,4,-0.20585401356220245,6.716,0.4601,0.2934,0.5516,0.6148
./structures/7s/7sfn.B.pdb,0,-0.207378089427948,3.179,0.8203,0.6422,0.8754,0.8277
./structures/7s/7sfn.B.pdb,1,-0.21181614696979523,2.989,0.835,0.6634,0.8833,0.8457
./structures/7s/7sfn.B.pdb,2,-0.1520172506570816,3.436,0.8301,0.6634,0.881,0.8411
./structures/7s/7sfn.B.pdb,3,-0.20409132540225983,2.833,0.835,0.6716,0.8811,0.837
./structures/7s/7sfn.B.pdb,4,-0.17760305106639862,2.992,0.8333,0.6601,0.8788,0.8372
./structures/7u/7upv.A.pdb,0,-0.49878519773483276,15.788,0.6023,0.4545,0.717,0.6029
./structures/7u/7upv.A.pdb,1,-0.4213554561138153,20.706,0.6051,0.4653,0.701,0.5948
./structures/7u/7upv.A.pdb,2,-0.3971588611602783,21.684,0.5062,0.3756,0.6257,0.566
./structures/7u/7upv.A.pdb,3,-0.7465940713882446,23.76,0.5597,0.429,0.6538,0.5387
./structures/7u/7upv.A.pdb,4,-0.56633460521698,19.208,0.6034,0.454,0.7078,0.5937
./structures/7v/7vf3.B.pdb,0,-0.004235800355672836,2.591,0.7167,0.5333,0.2255,0.5577
./structures/7v/7vf3.B.pdb,1,-0.06282003968954086,2.649,0.6667,0.4667,0.1706,0.5192
./structures/7v/7vf3.B.pdb,2,0.017857341095805168,4.69,0.5333,0.35,0.21,0.4279
./structures/7v/7vf3.B.pdb,3,0.00975736789405346,2.604,0.7333,0.55,0.2442,0.5817
./structures/7v/7vf3.B.pdb,4,0.023011377081274986,3.5,0.6333,0.45,0.173,0.5168
./structures/7w/7w16.A.pdb,0,-0.5943909287452698,7.11,0.6345,0.4773,0.7564,0.6361
./structures/7w/7w16.A.pdb,1,-0.484676331281662,6.039,0.6146,0.4432,0.7486,0.637
./structures/7w/7w16.A.pdb,2,-0.45439431071281433,6.236,0.6326,0.4744,0.7488,0.6481
./structures/7w/7w16.A.pdb,3,-0.5321412086486816,5.445,0.6297,0.4669,0.7619,0.6374
./structures/7w/7w16.A.pdb,4,-0.564206063747406,6.702,0.6042,0.4394,0.7322,0.6266
./structures/7w/7w89.A.pdb,0,-0.04671834409236908,2.071,0.8963,0.7927,0.9007,0.8762
./structures/7w/7w89.A.pdb,1,-0.006721779238432646,1.907,0.9024,0.7866,0.9096,0.8754
./structures/7w/7w89.A.pdb,2,0.015248315408825874,1.928,0.8984,0.7988,0.9072,0.8755
./structures/7w/7w89.A.pdb,3,-0.045613836497068405,1.942,0.8984,0.7846,0.9016,0.8811
./structures/7w/7w89.A.pdb,4,-0.03822308033704758,1.674,0.9167,0.8374,0.9208,0.8831
./structures/7x/7x8c.B.pdb,0,0.043836213648319244,0.964,0.9786,0.8786,0.9504,0.9331
./structures/7x/7x8c.B.pdb,1,0.07403962314128876,1.075,0.9714,0.8179,0.9328,0.9113
./structures/7x/7x8c.B.pdb,2,0.042371075600385666,1.064,0.9643,0.8286,0.9319,0.9037
./structures/7x/7x8c.B.pdb,3,0.05462941154837608,0.72,0.9821,0.8357,0.9457,0.9126
./structures/7x/7x8c.B.pdb,4,0.07252863794565201,1.035,0.9679,0.8393,0.9415,0.9158
./structures/7y/7y9b.A.pdb,0,-0.35436609387397766,13.066,0.2995,0.2139,0.3733,0.4268
./structures/7y/7y9b.A.pdb,1,-0.3550015985965729,14.864,0.3249,0.2433,0.3905,0.4587
./structures/7y/7y9b.A.pdb,2,-0.31438735127449036,10.517,0.3209,0.2179,0.3882,0.4524
./structures/7y/7y9b.A.pdb,3,-0.37399497628211975,13.409,0.3128,0.2126,0.3838,0.4255
./structures/7y/7y9b.A.pdb,4,-0.37515223026275635,12.794,0.3195,0.2273,0.3879,0.4437
./structures/7z/7zc8.A.pdb,0,0.018955793231725693,9.115,0.8362,0.7241,0.8245,0.8555
./structures/7z/7zc8.A.pdb,1,0.09217296540737152,8.898,0.8592,0.7471,0.85,0.8934
./structures/7z/7zc8.A.pdb,2,-0.24257434904575348,6.152,0.8276,0.7213,0.8174,0.8346
./structures/7z/7zc8.A.pdb,3,0.1344480812549591,8.923,0.8534,0.7213,0.8443,0.8777
./structures/7z/7zc8.A.pdb,4,0.15525256097316742,9.414,0.8305,0.7241,0.8249,0.8715
./structures/8a/8ag9.A.pdb,0,-0.19303354620933533,18.955,0.1724,0.0993,0.3219,0.7469
./structures/8a/8ag9.A.pdb,1,-0.7915880084037781,3.761,0.7821,0.6172,0.8823,0.7505
./structures/8a/8ag9.A.pdb,2,-0.1631665974855423,3.347,0.7896,0.6276,0.8937,0.7461
./structures/8a/8ag9.A.pdb,3,-0.18362513184547424,3.761,0.8134,0.6425,0.9004,0.7509
./structures/8a/8ag9.A.pdb,4,-0.7482857704162598,3.118,0.8179,0.6515,0.9092,0.7587
./structures/8d/8dgg.A.pdb,0,-0.37541696429252625,9.093,0.471,0.3404,0.5645,0.8199
./structures/8d/8dgg.A.pdb,1,-0.3135718107223511,5.897,0.5177,0.3234,0.6541,0.8289
./structures/8d/8dgg.A.pdb,2,-0.3462486267089844,5.318,0.5254,0.3227,0.6911,0.8228
./structures/8d/8dgg.A.pdb,3,-0.6197642087936401,10.906,0.4054,0.2712,0.5594,0.6731
./structures/8d/8dgg.A.pdb,4,-0.37179797887802124,5.054,0.553,0.3418,0.7062,0.8218
./structures/8d/8di0.C.pdb,0,-0.601452112197876,20.959,0.1307,0.0724,0.3004,0.6796
./structures/8d/8di0.C.pdb,1,-0.6544510722160339,14.955,0.6636,0.5454,0.7411,0.6766
./structures/8d/8di0.C.pdb,2,-0.28270021080970764,4.221,0.8035,0.6382,0.9117,0.8132
./structures/8d/8di0.C.pdb,3,-0.615915834903717,20.289,0.6587,0.5308,0.7315,0.6677
./structures/8d/8di0.C.pdb,4,-0.6096603870391846,14.957,0.6609,0.5335,0.741,0.683
./structures/8d/8di1.A.pdb,0,0.3783966302871704,0.9,0.9716,0.8261,0.9794,0.934
./structures/8d/8di1.A.pdb,1,0.3447662591934204,0.758,0.9682,0.8364,0.9823,0.933
./structures/8d/8di1.A.pdb,2,0.37235045433044434,0.818,0.9773,0.8727,0.9836,0.9449
./structures/8d/8di1.A.pdb,3,0.3723929524421692,0.858,0.9739,0.8761,0.9828,0.9416
./structures/8d/8di1.A.pdb,4,0.37726733088493347,0.916,0.9727,0.8341,0.9796,0.9318
./structures/8d/8dys.A.pdb,0,-1.0593767166137695,22.768,0.4028,0.2732,0.5439,0.5321
./structures/8d/8dys.A.pdb,1,-1.208351731300354,28.538,0.3258,0.2152,0.4533,0.4666
./structures/8d/8dys.A.pdb,2,-1.1005882024765015,27.259,0.121,0.0636,0.2451,0.5763
./structures/8d/8dys.A.pdb,3,-1.0540884733200073,25.911,0.3924,0.2634,0.5219,0.5195
./structures/8d/8dys.A.pdb,4,-0.9089148044586182,20.399,0.3233,0.2152,0.4312,0.6697
./structures/7f/7fac.A.pdb,0,-1.2469314336776733,37.205,0.0549,0.0315,0.15,0.2614
./structures/7f/7fac.A.pdb,1,-1.3061633110046387,37.418,0.0658,0.0386,0.1493,0.2701
./structures/7f/7fac.A.pdb,2,-1.0582411289215088,35.993,0.0792,0.0429,0.1524,0.2932
./structures/7f/7fac.A.pdb,3,-1.156535029411316,45.897,0.0759,0.0439,0.1595,0.2897
./structures/7f/7fac.A.pdb,4,-1.2265299558639526,30.116,0.0639,0.041,0.1548,0.3099
./structures/7p/7pc1.A.pdb,0,0.11963865160942078,7.448,0.7536,0.6321,0.7345,0.8747
./structures/7p/7pc1.A.pdb,1,0.08081585168838501,6.079,0.7857,0.6571,0.7434,0.8794
./structures/7p/7pc1.A.pdb,2,0.1580522656440735,10.31,0.7643,0.65,0.734,0.8584
./structures/7p/7pc1.A.pdb,3,-0.00042008236050605774,11.241,0.7393,0.6214,0.7181,0.846
./structures/7p/7pc1.A.pdb,4,-0.15850278735160828,4.473,0.7893,0.625,0.7294,0.8137
./structures/7p/7pce.A.pdb,0,0.034516263753175735,2.277,0.8046,0.6254,0.9086,0.9132
./structures/7p/7pce.A.pdb,1,0.026828113943338394,1.895,0.8192,0.6362,0.9288,0.9158
./structures/7p/7pce.A.pdb,2,0.07707076519727707,1.913,0.8262,0.6454,0.9319,0.9219
./structures/7p/7pce.A.pdb,3,0.02818308398127556,1.597,0.8546,0.6915,0.9486,0.9253
./structures/7p/7pce.A.pdb,4,0.010227121412754059,2.705,0.8223,0.6423,0.9176,0.9077
./structures/7r/7r0o.B.pdb,0,0.09553129225969315,1.413,0.9159,0.7589,0.9686,0.896
./structures/7r/7r0o.B.pdb,1,0.14906008541584015,1.461,0.9048,0.7396,0.9656,0.8885
./structures/7r/7r0o.B.pdb,2,0.07854776829481125,1.449,0.9062,0.7463,0.9644,0.8889
./structures/7r/7r0o.B.pdb,3,0.09464801102876663,1.572,0.878,0.7001,0.9599,0.876
./structures/7r/7r0o.B.pdb,4,0.08708690851926804,1.952,0.8795,0.6942,0.9546,0.8751
./structures/7r/7rpn.A.pdb,0,0.33774667978286743,1.043,0.9742,0.8681,0.9787,0.9513
./structures/7r/7rpn.A.pdb,1,0.3410504460334778,1.192,0.9623,0.8512,0.9743,0.9433
./structures/7r/7rpn.A.pdb,2,0.3517571985721588,1.034,0.9712,0.8621,0.9782,0.9465
./structures/7r/7rpn.A.pdb,3,0.34997260570526123,0.941,0.9702,0.87,0.9801,0.9478
./structures/7r/7rpn.A.pdb,4,0.332732230424881,1.082,0.9613,0.8363,0.9761,0.9431
./structures/7s/7sbd.H.pdb,0,0.16106365621089935,3.472,0.75,0.6029,0.8078,0.8169
./structures/7s/7sbd.H.pdb,1,0.1774524748325348,3.357,0.7596,0.6053,0.8244,0.8101
./structures/7s/7sbd.H.pdb,2,0.1733173429965973,3.273,0.75,0.5849,0.8276,0.8058
./structures/7s/7sbd.H.pdb,3,0.11410962790250778,3.138,0.7775,0.6244,0.8375,0.8211
./structures/7s/7sbd.H.pdb,4,0.16238872706890106,3.207,0.7835,0.6352,0.8486,0.8193
./structures/7u/7uqv.D.pdb,0,0.16413697600364685,1.842,0.8962,0.7625,0.9423,0.8886
./structures/7u/7uqv.D.pdb,1,0.18588687479496002,1.862,0.8904,0.75,0.9402,0.8857
./structures/7u/7uqv.D.pdb,2,0.16200044751167297,1.733,0.8894,0.7481,0.9462,0.8864
./structures/7u/7uqv.D.pdb,3,0.198176771402359,1.783,0.8933,0.7365,0.9431,0.8841
./structures/7u/7uqv.D.pdb,4,0.23102334141731262,1.888,0.8942,0.7529,0.9415,0.8881
./structures/7v/7v2s.B.pdb,0,0.12282123416662216,2.034,0.8133,0.6325,0.9197,0.8784
./structures/7v/7v2s.B.pdb,1,0.14187957346439362,1.99,0.8343,0.6516,0.925,0.8854
./structures/7v/7v2s.B.pdb,2,0.16001561284065247,1.824,0.8534,0.6807,0.9366,0.8849
./structures/7v/7v2s.B.pdb,3,0.11143312603235245,2.039,0.8203,0.6365,0.9211,0.8818
./structures/7v/7v2s.B.pdb,4,0.14067743718624115,1.901,0.8414,0.6757,0.9304,0.8916
./structures/7w/7wua.A.pdb,0,-0.3848833739757538,24.816,0.318,0.228,0.4545,0.6338
./structures/7w/7wua.A.pdb,1,-0.32392480969429016,17.557,0.4328,0.3271,0.5559,0.6795
./structures/7w/7wua.A.pdb,2,-1.1073329448699951,22.366,0.3852,0.2894,0.4944,0.4455
./structures/7w/7wua.A.pdb,3,-0.616722822189331,35.962,0.2347,0.1803,0.312,0.5493
./structures/7w/7wua.A.pdb,4,-0.8051878213882446,32.152,0.369,0.2782,0.4626,0.5518
./structures/7x/7x1k.A.pdb,0,-0.0752733051776886,0.97,0.9565,0.808,0.9298,0.8945
./structures/7x/7x1k.A.pdb,1,0.12823642790317535,0.924,0.9891,0.8659,0.9532,0.9357
./structures/7x/7x1k.A.pdb,2,0.0707392767071724,1.068,0.971,0.837,0.9377,0.9164
./structures/7x/7x1k.A.pdb,3,0.04749681428074837,1.006,0.9746,0.8696,0.9369,0.913
./structures/7x/7x1k.A.pdb,4,0.03913920000195503,0.854,0.9746,0.8261,0.9393,0.9176
./structures/7y/7y39.B.pdb,0,-0.29660969972610474,6.055,0.7049,0.5639,0.7236,0.6976
./structures/7y/7y39.B.pdb,1,-0.29562392830848694,7.829,0.6673,0.5338,0.693,0.6525
./structures/7y/7y39.B.pdb,2,-0.20466230809688568,10.295,0.6955,0.5789,0.7306,0.69
./structures/7y/7y39.B.pdb,3,-0.14670205116271973,11.612,0.6823,0.5695,0.7015,0.6715
./structures/7y/7y39.B.pdb,4,-0.14958854019641876,12.257,0.688,0.5677,0.7241,0.6951
./structures/7z/7zva.A.pdb,0,-0.18804344534873962,4.571,0.7425,0.547,0.8745,0.7599
./structures/7z/7zva.A.pdb,1,-0.2910310924053192,6.386,0.7649,0.5776,0.8607,0.7544
./structures/7z/7zva.A.pdb,2,-0.3458981513977051,6.427,0.7343,0.5425,0.8521,0.7505
./structures/7z/7zva.A.pdb,3,-0.2592851221561432,7.479,0.7478,0.5634,0.8515,0.7496
./structures/7z/7zva.A.pdb,4,-0.23304890096187592,7.275,0.7522,0.5642,0.8734,0.7656
./structures/8a/8a4a.A.pdb,0,-0.45496416091918945,12.463,0.3333,0.1932,0.4535,0.4654
./structures/8a/8a4a.A.pdb,1,-0.7370866537094116,12.187,0.3225,0.186,0.4456,0.4003
./structures/8a/8a4a.A.pdb,2,-0.7279725670814514,12.579,0.3261,0.1884,0.4533,0.4231
./structures/8a/8a4a.A.pdb,3,-0.6624782085418701,7.914,0.3804,0.2077,0.4969,0.486
./structures/8a/8a4a.A.pdb,4,-0.6556843519210815,13.281,0.2911,0.1812,0.4048,0.3844
./structures/8d/8dt0.A.pdb,0,0.3760029971599579,0.834,0.9518,0.7946,0.9668,0.9069
./structures/8d/8dt0.A.pdb,1,0.3995892107486725,0.817,0.9518,0.8161,0.9685,0.9089
./structures/8d/8dt0.A.pdb,2,0.44743549823760986,0.769,0.9661,0.8214,0.9716,0.9076
./structures/8d/8dt0.A.pdb,3,0.4515361189842224,0.741,0.9661,0.8179,0.9734,0.9053
./structures/8d/8dt0.A.pdb,4,0.41578182578086853,0.843,0.9732,0.8464,0.9722,0.9159
./structures/8d/8dt6.C.pdb,0,0.1441071331501007,2.413,0.8058,0.6024,0.9357,0.8796
./structures/8d/8dt6.C.pdb,1,0.10909802466630936,2.679,0.8071,0.6129,0.9351,0.8826
./structures/8d/8dt6.C.pdb,2,0.12927936017513275,2.606,0.8031,0.6063,0.9266,0.8801
./structures/8d/8dt6.C.pdb,3,0.14019504189491272,2.268,0.8025,0.605,0.9365,0.8793
./structures/8d/8dt6.C.pdb,4,0.08680590987205505,2.605,0.7703,0.5735,0.9154,0.869
./structures/8d/8dte.A.pdb,0,0.22131676971912384,1.331,0.8503,0.6526,0.9352,0.9005
./structures/8d/8dte.A.pdb,1,0.22660738229751587,1.304,0.8547,0.657,0.9368,0.9009
./structures/8d/8dte.A.pdb,2,0.2821928560733795,1.237,0.8663,0.6672,0.9425,0.9073
./structures/8d/8dte.A.pdb,3,0.24250872433185577,1.24,0.8692,0.6744,0.9428,0.9094
./structures/8d/8dte.A.pdb,4,0.2186969518661499,1.444,0.8227,0.6206,0.9241,0.8918
./structures/7d/7dz2.C.pdb,0,0.29039648175239563,1.591,0.8944,0.7095,0.9539,0.843
./structures/7d/7dz2.C.pdb,1,0.23470237851142883,1.385,0.89,0.7086,0.9594,0.8564
./structures/7d/7dz2.C.pdb,2,0.2531079947948456,1.393,0.8988,0.7157,0.9587,0.849
./structures/7d/7dz2.C.pdb,3,0.28482165932655334,1.452,0.8891,0.7086,0.9562,0.8512
./structures/7d/7dz2.C.pdb,4,0.21539969742298126,1.543,0.8926,0.7104,0.9529,0.8402
./structures/7f/7fgb.A.pdb,0,-1.5056108236312866,37.339,0.0769,0.0407,0.1797,0.1872
./structures/7f/7fgb.A.pdb,1,-1.3740010261535645,38.035,0.0711,0.0407,0.1673,0.1974
./structures/7f/7fgb.A.pdb,2,-1.3425917625427246,33.702,0.0898,0.0388,0.2394,0.2223
./structures/7f/7fgb.A.pdb,3,-1.4579410552978516,29.09,0.0963,0.0497,0.2109,0.2262
./structures/7f/7fgb.A.pdb,4,-1.4547985792160034,33.427,0.082,0.0497,0.1736,0.2202
./structures/7f/7fh0.B.pdb,0,0.06637080758810043,16.597,0.4858,0.4289,0.5077,0.9047
./structures/7f/7fh0.B.pdb,1,0.10723290592432022,16.513,0.4837,0.4238,0.5037,0.8999
./structures/7f/7fh0.B.pdb,2,0.04656364396214485,16.882,0.4868,0.4207,0.5071,0.8803
./structures/7f/7fh0.B.pdb,3,0.021598072722554207,13.862,0.4858,0.4289,0.5056,0.9029
./structures/7f/7fh0.B.pdb,4,0.05754856392741203,13.695,0.4858,0.4329,0.5081,0.9069
./structures/7l/7lt7.A.pdb,0,-1.9421683549880981,13.507,0.2286,0.1357,0.1251,0.2882
./structures/7l/7lt7.A.pdb,1,-1.9218409061431885,16.126,0.1929,0.1214,0.1038,0.2132
./structures/7l/7lt7.A.pdb,2,-1.9786659479141235,15.474,0.2143,0.1286,0.1079,0.3105
./structures/7l/7lt7.A.pdb,3,-1.140244483947754,16.449,0.2714,0.1857,0.1608,0.6039
./structures/7l/7lt7.A.pdb,4,-2527.20849609375,190.772,0.0857,0.0571,0.0669,0.01316
./structures/7l/7lx4.A.pdb,0,-0.3580501079559326,3.511,0.7125,0.5312,0.5334,0.6691
./structures/7l/7lx4.A.pdb,1,-0.5495116114616394,4.979,0.7312,0.5437,0.5555,0.6929
./structures/7l/7lx4.A.pdb,2,-0.7066498398780823,3.245,0.7312,0.5312,0.5493,0.6637
./structures/7l/7lx4.A.pdb,3,-0.2502477765083313,4.9,0.725,0.5437,0.569,0.6987
./structures/7l/7lx4.A.pdb,4,-0.6375688314437866,3.641,0.6813,0.475,0.5043,0.656
./structures/7m/7mj3.A.pdb,0,-1.9451385736465454,8.061,0.2965,0.1395,0.1655,0.3025
./structures/7m/7mj3.A.pdb,1,-1.144875407218933,10.249,0.3023,0.1744,0.195,0.3833
./structures/7m/7mj3.A.pdb,2,-1.9398902654647827,7.424,0.3372,0.1686,0.1743,0.2885
./structures/7m/7mj3.A.pdb,3,-1.1678920984268188,11.241,0.2616,0.1802,0.1846,0.3508
./structures/7m/7mj3.A.pdb,4,-1.436574935913086,9.075,0.2907,0.1802,0.2017,0.3539
./structures/7r/7r49.B.pdb,0,0.3233531713485718,1.393,0.9318,0.7831,0.944,0.9177
./structures/7r/7r49.B.pdb,1,0.32642143964767456,1.13,0.9339,0.7851,0.9479,0.9161
./structures/7r/7r49.B.pdb,2,0.2390555590391159,1.454,0.938,0.7975,0.9435,0.918
./structures/7r/7r49.B.pdb,3,0.25155478715896606,1.575,0.9401,0.7955,0.939,0.922
./structures/7r/7r49.B.pdb,4,0.13840849697589874,1.437,0.938,0.8079,0.9359,0.9059
./structures/7r/7rlk.D.pdb,0,0.12632663547992706,1.22,0.9423,0.8077,0.9417,0.8919
./structures/7r/7rlk.D.pdb,1,0.3052354156970978,1.503,0.9359,0.8205,0.9374,0.9159
./structures/7r/7rlk.D.pdb,2,0.16966186463832855,1.485,0.938,0.8077,0.9365,0.8952
./structures/7r/7rlk.D.pdb,3,0.1449635773897171,1.119,0.9402,0.8205,0.9457,0.9079
./structures/7r/7rlk.D.pdb,4,0.18375545740127563,1.479,0.9274,0.7799,0.9328,0.9067
./structures/7r/7rmy.A.pdb,0,0.22030207514762878,2.579,0.7472,0.5555,0.8704,0.7936
./structures/7r/7rmy.A.pdb,1,0.29567021131515503,2.349,0.7594,0.5611,0.8867,0.8005
./structures/7r/7rmy.A.pdb,2,0.31995558738708496,2.41,0.7801,0.5987,0.8861,0.8039
./structures/7r/7rmy.A.pdb,3,0.22042617201805115,2.528,0.7669,0.5855,0.8806,0.7908
./structures/7r/7rmy.A.pdb,4,0.26801174879074097,2.46,0.766,0.5705,0.8809,0.7935
./structures/7s/7s03.A.pdb,0,0.06468700617551804,8.714,0.5801,0.4903,0.5563,0.9178
./structures/7s/7s03.A.pdb,1,0.06975509971380234,8.396,0.5801,0.4782,0.5662,0.9171
./structures/7s/7s03.A.pdb,2,0.026055382564663887,11.388,0.5752,0.483,0.5455,0.9094
./structures/7s/7s03.A.pdb,3,0.08502751588821411,6.17,0.6165,0.4879,0.5869,0.913
./structures/7s/7s03.A.pdb,4,-0.03975541144609451,18.829,0.5194,0.4345,0.5209,0.875
./structures/7s/7sao.A.pdb,0,-0.348115473985672,2.075,0.8421,0.6974,0.6881,0.8592
./structures/7s/7sao.A.pdb,1,-0.2494843751192093,2.022,0.875,0.7105,0.7048,0.8556
./structures/7s/7sao.A.pdb,2,-0.3623824417591095,2.091,0.8618,0.6908,0.6663,0.8545
./structures/7s/7sao.A.pdb,3,-0.23180246353149414,2.099,0.875,0.7105,0.7156,0.8615
./structures/7s/7sao.A.pdb,4,-0.39845559000968933,2.323,0.8355,0.6513,0.6538,0.8339
./structures/7s/7snc.A.pdb,0,-0.28384310007095337,1.822,0.8947,0.7566,0.7426,0.8922
./structures/7s/7snc.A.pdb,1,-0.36646801233291626,2.067,0.8684,0.7105,0.7101,0.8595
./structures/7s/7snc.A.pdb,2,-0.45171329379081726,2.064,0.8421,0.6842,0.6656,0.8584
./structures/7s/7snc.A.pdb,3,-0.453204870223999,2.357,0.8618,0.7039,0.7234,0.836
./structures/7s/7snc.A.pdb,4,-0.4820582866668701,2.378,0.8553,0.6776,0.6719,0.8394
./structures/7s/7soo.A.pdb,0,-0.19891595840454102,2.498,0.8624,0.6882,0.8587,0.822
./structures/7s/7soo.A.pdb,1,0.04905347526073456,1.892,0.9017,0.7247,0.8818,0.8255
./structures/7s/7soo.A.pdb,2,0.014472804963588715,2.417,0.8736,0.6938,0.8545,0.7884
./structures/7s/7soo.A.pdb,3,-0.0488114133477211,2.171,0.8989,0.7388,0.8735,0.8135
./structures/7s/7soo.A.pdb,4,-0.07810797542333603,1.611,0.8736,0.6938,0.8757,0.8248
./structures/7u/7u0e.H.pdb,0,0.11147446930408478,5.058,0.6161,0.4732,0.6585,0.8947
./structures/7u/7u0e.H.pdb,1,0.191647008061409,4.499,0.6473,0.4933,0.6912,0.9061
./structures/7u/7u0e.H.pdb,2,0.08166521787643433,5.31,0.6027,0.4643,0.6441,0.8886
./structures/7u/7u0e.H.pdb,3,0.18511320650577545,4.7,0.6507,0.5022,0.6704,0.9044
./structures/7u/7u0e.H.pdb,4,0.1434563547372818,5.101,0.615,0.4732,0.6353,0.8973
./structures/8a/8ahp.A.pdb,0,0.03235618770122528,4.866,0.8771,0.7311,0.9268,0.8636
./structures/8a/8ahp.A.pdb,1,-0.0034443039912730455,2.773,0.8757,0.7325,0.9381,0.8725
./structures/8a/8ahp.A.pdb,2,0.026124881580471992,2.87,0.8694,0.7081,0.9345,0.8741
./structures/8a/8ahp.A.pdb,3,-0.02203579619526863,3.776,0.8443,0.692,0.9193,0.8652
./structures/8a/8ahp.A.pdb,4,-0.044280871748924255,4.479,0.8582,0.7144,0.9119,0.8594
